Smiles,activity,type
COc1ccc(N(C(=O)Cn2nnc3ccccc32)C(C(=O)NCc2ccco2)c2ccc(C)o2)cc1,1,SARS-CoV
Cc1ccc(S(=O)(=O)N2CCN(S(=O)(=O)c3ccc4c(c3)OCCO4)CC2)cc1,1,SARS-CoV
Cc1ccc2[nH]c(=O)c(CN(CCc3ccccc3)Cc3nnnn3CC3CCCO3)cc2c1,1,SARS-CoV
Cc1ccc(CN(C(=O)Cn2nnc3ccccc32)C(C(=O)NCc2ccco2)c2cccs2)cc1,1,SARS-CoV
CCn1nc(-c2ccccc2)nc2c(=O)n(C)c(=O)nc1-2,1,SARS-CoV
O=C(Cn1nnc(-c2ccccc2NC(=O)c2ccccc2F)n1)NCc1ccco1,1,SARS-CoV
COc1ccccc1N(C(=O)Cn1nnc2ccccc21)C(C(=O)NCc1ccco1)c1ccc(C)o1,1,SARS-CoV
COCCNC(=O)C(c1cccc(OC)c1)N(Cc1cccs1)C(=O)Cn1nnc2ccccc21,1,SARS-CoV
CC(=O)Nc1cc(OC(C)=O)c2nonc2c1OC(C)=O,1,SARS-CoV
O=C(NCc1ccco1)C(c1ccco1)N(C(=O)Cn1nnc2ccccc21)c1ccc2c(c1)CCC2,1,SARS-CoV
O=C(Oc1ccc2cccc(OC(=O)N3CCOCC3)c2c1)N1CCOCC1,1,SARS-CoV
CC(C)NC(=O)CN1CCN(c2ncccn2)CC1,1,SARS-CoV
COCCNC(=O)C(c1ccccc1)N(Cc1cccs1)C(=O)Cn1nnc2ccccc21,1,SARS-CoV
Cc1ccc(C(=O)CSc2nnc(CNc3ccc(C)cc3C)n2Cc2ccco2)cc1,1,SARS-CoV
O=C(NCc1ccco1)C(c1cccs1)N(Cc1ccccc1)C(=O)Cn1nnc2ccccc21,1,SARS-CoV
O=C(NCc1ccco1)C(c1ccco1)N(CCc1ccccc1)C(=O)Cn1nnc2ccccc21,1,SARS-CoV
CC(C)(C)OC(=O)NCCC(=O)Oc1ccc2ccc(=O)oc2c1,1,SARS-CoV
O=C(CN1CCSCC1)N1CCc2[nH]c3ccc(Br)cc3c2C1,1,SARS-CoV
O=C(Oc1cccnc1)c1ccc(Cl)cc1,1,SARS-CoV
Cc1cccc(N2C(N)=C(C#N)C(C#N)(C#N)C2c2ccccc2)c1,1,SARS-CoV
CCc1cccc(CC)c1N(COC)C(=O)Cn1nnc2ccccc21,1,SARS-CoV
C=C(C)COc1ccc(-c2n[nH]c(C)c2-c2ccccc2)c(O)c1,1,SARS-CoV
CCn1c(COc2ccccc2)nnc1SCC(=O)C(C)(C)C,1,SARS-CoV
O=C1c2[nH]nc(-c3ccccc3O)c2C(c2ccccc2F)N1Cc1ccco1,1,SARS-CoV
Cc1cc(NC(=O)COC(=O)C(Nc2ccc(C(F)(F)F)cc2Cl)C(C)C)no1,1,SARS-CoV
O=C(c1c(Cl)nc2sccn12)N1CCN(c2cccc(Cl)c2)CC1,1,SARS-CoV
COc1ccc(C(=O)Nn2cnc3scc(-c4cccs4)c3c2=O)c(O)c1,1,SARS-CoV
COc1ccc2cc(C3(C)NC(=O)N(CC(=O)NCc4ccco4)C3=O)ccc2c1,1,SARS-CoV
COc1ccc(NS(=O)(=O)c2ccc3oc(Nc4ccc5c(c4)OCCO5)nc3c2)cc1,1,SARS-CoV
Cn1cnc2cc(OC(=O)c3ccccc3)ccc21,1,SARS-CoV
COc1ccc(-c2n[nH]c(C(F)(F)F)c2-c2cc3ccccc3o2)c(O)c1,1,SARS-CoV
Cc1ccc(C(=O)Oc2ccc3c(c2)ncn3C)cc1,1,SARS-CoV
NC(=O)c1cc(-c2ccccc2)sc1NC(=O)Cc1ccc(S(=O)(=O)N2CCOCC2)s1,1,SARS-CoV
Cc1ccc(CN2C(=O)CSc3ccc(C(=O)NCCN4CCOCC4)cc32)cc1,1,SARS-CoV
COc1ccc(-c2cc(N)n(S(=O)(=O)c3c(F)c(F)c(F)c(F)c3F)n2)cc1OC,1,SARS-CoV
CC(=O)c1cc(-c2ccccc2)[nH]c1N1CCOCC1,1,SARS-CoV
Cc1ccc(-n2c(Cc3cccn3C)nnc2SCC(=O)Nc2ccc3c(c2)OCO3)cc1,1,SARS-CoV
CC1Cc2ccccc2N1C(=O)C1CCCN(S(=O)(=O)c2cccc3nsnc23)C1,1,SARS-CoV
CCCCCn1c(CN2CCN(Cc3ccccc3)CC2)nc2c1c(=O)[nH]c(=O)n2C,1,SARS-CoV
CC(C)(C)C1CCc2onc(C(=O)Nc3cccnc3)c2C1,1,SARS-CoV
COC(=O)c1cc2sccc2n1CC(=O)Nc1ccc(OC)c(OC)c1OC,1,SARS-CoV
O=C(Oc1ccc(Cl)cc1N1C(=O)CCC1=O)c1ccco1,1,SARS-CoV
CCCn1nnc(NC(=O)COc2ccc(C3CCCCC3)cc2)n1,1,SARS-CoV
Cc1noc(NS(=O)(=O)c2ccc(NC(=O)Nc3ccc(Cl)c(Cl)c3)cc2)c1C,1,SARS-CoV
O=C1CC(N2CCN(C/C=C/c3ccccc3)CC2)C(=O)N1Cc1cccs1,1,SARS-CoV
CC(=O)c1cc(-c2ccccc2)[nH]c1N1CCCC1,1,SARS-CoV
CCOC(=O)c1cc(-c2ccccc2)sc1N,1,SARS-CoV
CN(C)c1nc(N)nc(-c2nc3ccccc3s2)n1,1,SARS-CoV
CC1(C)Cc2c(sc3nc(-c4cc5ccccc5o4)n(N)c(=O)c23)CO1,1,SARS-CoV
Cn1cnc2cc(NC(=O)c3ccc(Cl)cc3)ccc21,1,SARS-CoV
NC(=O)CN1C(=O)C(O)(CC(=O)c2ccccc2O)c2ccccc21,1,SARS-CoV
CC(=O)c1c(OC(=O)c2ccco2)c2ccccc2n1C,1,SARS-CoV
Cc1nnc(SC(=O)N2c3ccccc3Sc3ccccc32)s1,1,SARS-CoV
Oc1ccc(Cl)cc1Cc1cc(Cl)ccc1O,1,SARS-CoV
COc1ccc(Nc2oc(COc3ccc(C)cc3)nc2C#N)cc1,1,SARS-CoV
Nc1c(C(O)(C(F)(F)F)C(F)(F)F)cc(C(O)(C(F)(F)F)C(F)(F)F)c2ccccc12,1,SARS-CoV
Cn1nc(-c2ccc(Cl)cc2)nc2c(=O)n(C)c(=O)nc1-2,1,SARS-CoV
COc1cccc(C(C(=O)NCc2ccco2)N(Cc2ccco2)C(=O)Cn2nnc3ccccc32)c1,1,SARS-CoV
O=C(NCc1ccco1)C(c1ccco1)N(Cc1cccs1)C(=O)Cn1nnc2ccccc21,1,SARS-CoV
COC(=O)c1cc(-c2ccccc2)sc1N,1,SARS-CoV
CCOc1cc(C(N)=O)cc(Br)c1OC,1,SARS-CoV
Cc1snc(S(=O)(=O)/C(C#N)=N/Nc2cccc(C(F)(F)F)c2)c1C#N,1,SARS-CoV
COc1ccc(CC(=O)NC(C)c2nnc(SCCOc3ccc(OC)cc3)n2C)cc1,1,SARS-CoV
COc1ccc(/C(N)=N/OC(=O)CSc2ccccc2)cc1OC,1,SARS-CoV
Cc1cccc(NC(=S)NN2CCOCC2)c1C,1,SARS-CoV
Cc1ccc(Nc2cnn(C34CC5CC(CC(CC(=O)O)(C5)C3)C4)c(=O)c2Cl)cc1,1,SARS-CoV
CC(C)CN(CCC(=O)O)CC(C)C,1,SARS-CoV
COc1ccc(C(=O)Oc2cccnc2)cc1,1,SARS-CoV
Cc1ccc2[nH]c3c(c2c1)CN(C(=O)CN1c2ccc(F)cc2CCC1C)CC3,1,SARS-CoV
O=C(Nc1nc(-c2cccs2)cs1)c1ccc(Cl)cc1,1,SARS-CoV
CCOC(=O)c1c(N)sc(C(O)(C(F)(F)F)C(F)(F)F)c1-c1ccccc1,1,SARS-CoV
Cc1cc(C)c(C)c(S(=O)(=O)N2CCN(C(=O)c3cc(=O)[nH]c4ccccc34)CC2)c1C,1,SARS-CoV
CCOC(=O)c1c(C)oc2c1c1c(c3ccccc32)OCN(Cc2ccccn2)C1,1,SARS-CoV
Cc1ccc(C2C3=C(CC(C)(C)CC3=O)Nc3onc(C)c32)cc1,1,SARS-CoV
CC(NC(=O)CCl)c1ccc(Cl)c(Cl)c1,1,SARS-CoV
Cc1cc(Cl)ccc1OC(C)C(=O)Nc1ccc(S(=O)(=O)Nc2cnc3ccccc3n2)cc1,1,SARS-CoV
CC(C)CNS(=O)(=O)c1ccc(CCC(=O)Nc2cc(Cl)ccc2Oc2ccccc2)cc1,1,SARS-CoV
C/C(=N\NC(=O)c1ccc(Cl)c(Cl)c1)c1cccc(NC(=O)C(C)C)c1,1,SARS-CoV
COc1ccc(C(=O)n2c(SC)nc3cc4c(cc32)OCCO4)cc1,1,SARS-CoV
Cc1cccc(N2C(=O)CC(N(Cc3c(C)nn(C)c3C)C(=S)Nc3ccc(Cl)cc3)C2=O)c1,1,SARS-CoV
FC(F)(F)c1cccc(NC(=S)NNC(=S)NCc2ccccc2)c1,1,SARS-CoV
O=[N+]([O-])/C=C/c1cn(Cc2ccccc2)c2ccccc12,1,SARS-CoV
O=C(c1ccco1)N(Cc1ccc([N+](=O)[O-])cc1)c1ccc(Br)cc1,1,SARS-CoV
Cc1cccc(C(=O)Nc2nnc(Cc3c[nH]c4ccccc34)s2)c1,1,SARS-CoV
O=C(NC(NC(=S)Nc1cccc(Cl)c1)C(Cl)(Cl)Cl)OCc1ccccc1,1,SARS-CoV
Cc1ccc(OCC(=O)N/N=C/c2ccc([N+](=O)[O-])o2)cc1,1,SARS-CoV
Cc1sc(NC(=O)CCl)c(C(=O)c2ccccc2)c1C,1,SARS-CoV
COc1ccc(N(C(=O)Cn2nnc3ccccc32)C2(C(=O)NC3CCCC3)CCCCC2)cc1,1,SARS-CoV
CNc1ccc(Br)cc(C(=O)/C=C/c2ccc3c(c2)OCO3)c1=O,1,SARS-CoV
Cc1cc(C)c(N(C(=O)Cn2nnc3ccccc32)C(C(=O)NC(C)(C)C)c2ccsc2)c(C)c1,1,SARS-CoV
COc1cccc(C(C(=O)Nc2ccc(F)cc2)N(C(=O)Cn2nnc3ccccc32)C2CC2)c1,1,SARS-CoV
O=C(NCCNC(=O)c1cc(OCC(F)(F)F)ccc1OCC(F)(F)F)Nc1cccc(C(F)(F)F)c1,1,SARS-CoV
Cc1ccc(NC(=O)CCC(=O)NNC(=O)C(c2ccccc2)c2ccccc2)c(C)c1,1,SARS-CoV
CC(C)Oc1cc(NC(=O)CSCC(=O)Nc2cccc(C(F)(F)F)c2)c(Cl)cc1Cl,1,SARS-CoV
C/C(=N\N=C(/N)SC1CC(=O)N(c2ccc(Cl)cc2)C1=O)c1cccs1,1,SARS-CoV
C/C(Cn1nnc([N+](=O)[O-])n1)=N\NC(=O)c1ccc(Cl)c(Cl)c1,1,SARS-CoV
C/C(=N\N=C(/N)SC1CC(=O)N(c2cccc(Cl)c2)C1=O)c1cccs1,1,SARS-CoV
Cc1ccc(/C=C/C(=O)c2cc(Br)ccc2OC(=O)c2ccco2)cc1,1,SARS-CoV
O=C(Nc1ccc(OCC(F)(F)C(F)F)c(C(F)(F)F)c1)c1ccccc1O,1,SARS-CoV
COc1ccccc1/C=C/C(=O)c1cc(Br)ccc1OC(=O)c1ccco1,1,SARS-CoV
O=C(/C=C/c1ccc(Cl)c([N+](=O)[O-])c1)NCc1cccnc1,1,SARS-CoV
Cc1ccc(NC(=S)NC(NC(=O)c2ccccc2C)C(Cl)(Cl)Cl)c(C)c1,1,SARS-CoV
O=C(Oc1ccc(Br)cc1C(=O)/C=C/c1ccccc1F)c1ccco1,1,SARS-CoV
O=C(Cc1c(F)cccc1Cl)NCCCn1ccnc1,1,SARS-CoV
COc1ccc(S(=O)(=O)Nc2ccc(F)cc2)cc1N(C)S(=O)(=O)c1ccc(Cl)cc1,1,SARS-CoV
COc1cc(/C=N\NC(=O)Cn2nnc3ccccc32)cc(OC)c1OC,1,SARS-CoV
Cc1ccc(NC(CNS(=O)(=O)c2ccc(Cl)cc2)c2ccccc2)cc1,1,SARS-CoV
O=C(O)c1cccc(NC(=S)NC(=O)C(c2ccccc2)c2ccccc2)c1,1,SARS-CoV
COC(=O)c1cc(NC(=O)CN(c2ccccc2OC)S(=O)(=O)c2ccccc2)ccc1Cl,1,SARS-CoV
CS(=O)(=O)N(Cc1ccc(C(=O)Nc2ccccc2Sc2ccccc2)cc1)c1ccccc1,1,SARS-CoV
CCC(C(=O)Nc1cccc(C(F)(F)F)c1)c1ccccc1,1,SARS-CoV
Cc1ccc(S(=O)(=O)Nc2ccccc2-c2ccccc2NS(=O)(=O)c2ccc(C)cc2)cc1,1,SARS-CoV
O=C(Nc1ccc(NC(=S)NC(=O)c2ccccc2Cl)cc1)c1cccc(Cl)c1,1,SARS-CoV
COC(=O)c1cc(NC(=O)Cc2ccccc2[N+](=O)[O-])ccc1Cl,1,SARS-CoV
O=Cc1c(C(=O)O)n(CC(=O)O)c2ccccc12,1,SARS-CoV
CCCCOc1ccc(CONS(=O)(=O)c2ccc(NC(C)=O)cc2)cc1Cl,1,SARS-CoV
Cc1cc(C(=O)c2ccccc2)c(NC(=O)CCl)s1,1,SARS-CoV
N#Cc1c(NC(=S)NC(=O)c2ccccc2)sc2c1CCC2,1,SARS-CoV
O=C1ON=C(c2ccccc2)/C1=C/c1ccc(-c2ccccc2[N+](=O)[O-])o1,1,SARS-CoV
COc1cc(/C=N/NC(=O)/C(=C\c2ccc3c(c2)OCO3)NC(=O)c2ccccc2)ccc1O,1,SARS-CoV
CC(C)CC(=O)NC(c1ccccc1Cl)c1c(O)ccc2ccccc12,1,SARS-CoV
CCc1cc(C(=O)c2ccc(C)cc2)c(NC(=O)CCl)s1,1,SARS-CoV
COc1ccc(N(C(=O)CCl)C(C(=O)NC2CCCCC2)c2cccnc2)cc1,1,SARS-CoV
Cc1ccc(C(=O)NC(=C(Cl)Cl)S(=O)(=O)c2ccccc2)cc1,1,SARS-CoV
Cc1cc(C)cc(NS(=O)(=O)c2ccc3[nH]cc(C(=O)N4CCc5ccccc54)c(=O)c3c2)c1,1,SARS-CoV
COc1ccc(C(CCN(Cc2ccc(OC)c(OC)c2)C(=O)CCl)c2ccccc2)cc1,1,SARS-CoV
S=C(c1ccc(-c2ccccc2Cl)o1)N1CCCCC1,1,SARS-CoV
Cc1ccc(Nc2nc(N)c([N+](=O)[O-])c(N3CCOCC3)n2)cc1C,1,SARS-CoV
Cc1ccc(S(=O)(=O)/C(=C/Cl)NC(=O)c2ccccc2)cc1,1,SARS-CoV
O=S(=O)(c1cccc(NC(=S)N2CCN(c3ccccc3)CC2)c1)C(F)F,1,SARS-CoV
COc1ccc(/C=N/NC(=O)Cn2nnc3ccccc32)cc1OC,1,SARS-CoV
CCOC(=O)c1ccc(NC(=O)CN2C(=O)C(CC)SC(CC)C2=O)cc1,1,SARS-CoV
O=C(Cn1nnc2ccccc21)N/N=C\c1cccs1,1,SARS-CoV
O=C(COC(=O)CCc1c[nH]c2ccccc12)NC(c1ccccc1)c1ccccc1,1,SARS-CoV
Cc1nn(-c2ccccc2)c(N)c1C(c1ccccc1)c1c(C)nn(-c2ccccc2)c1N,1,SARS-CoV
Cc1ccc(C2=NN(C(=O)CCl)C(c3cccs3)C2)o1,1,SARS-CoV
Cc1cccc(CN2CCN(C(=O)CCl)CC2)c1,1,SARS-CoV
O=C(Nc1nc(-c2ccccc2)cs1)c1cccc([N+](=O)[O-])c1C(=O)O,1,SARS-CoV
O=C(NCc1ccc(F)cc1)c1ccc(S(=O)(=O)Nc2cccc(C(F)(F)F)c2)cc1,1,SARS-CoV
O=C(Oc1ccc2ccc(=O)oc2c1)c1cccs1,1,SARS-CoV
O=C(Oc1cccnc1)c1ccccc1[N+](=O)[O-],1,SARS-CoV
Cc1cccc(Nc2nnc(SCC(=O)Nc3ncc(C(F)(F)F)cc3Cl)s2)c1C,1,SARS-CoV
Cc1ccccc1Nc1nnc(SCC(=O)Nc2ncc(C(F)(F)F)cc2Cl)s1,1,SARS-CoV
O=C1C2C(c3ccccc3)C=CC(c3ccccc3)C2C(=O)N1c1cccnc1,1,SARS-CoV
CC(C)(C)C(=O)NC(=S)Nc1sc2c(c1C#N)CCCCC2,1,SARS-CoV
CC(C)c1ccc(S(=O)(=O)Nc2ccc(SC(F)F)cc2)cc1,1,SARS-CoV
CCCOC(=O)c1c(-c2ccc(C)cc2C)csc1NC(=O)C1C2CCC(O2)C1C(=O)O,1,SARS-CoV
CC1=Nc2cccc3cccc(c23)N1C,1,SARS-CoV
CCCC(=O)Oc1ccc2c(C)cc(=O)oc2c1,1,SARS-CoV
O=C1C2C3C=CC(C3)C2C(=O)N1/N=C/c1ccc(-c2ccccc2[N+](=O)[O-])o1,1,SARS-CoV
O=C1C(C2=NC(c3ccccn3)C3C(=O)N(c4ccccc4)C(=O)C23)=C(O)c2ccccc21,1,SARS-CoV
O=C(NCc1ccccc1)c1ccc(S(=O)(=O)Nc2cccc(C(F)(F)F)c2)cc1,1,SARS-CoV
O=C(N/N=C/c1ccncc1)c1cccc(S(=O)(=O)Nc2ccc(Cl)cc2)c1,1,SARS-CoV
CC1=Nc2ccc(Br)cc2C(c2ccccc2)N1CC(=O)NN,1,SARS-CoV
O=C(CCl)N1N=C(c2cccs2)CC1c1ccco1,1,SARS-CoV
O=C(CCNC(=O)Cn1cnc2ccccc2c1=O)NCC1CCCO1,1,SARS-CoV
O=[N+]([O-])c1ccccc1/C=C/C=N/n1c(-c2ccco2)n[nH]c1=S,1,SARS-CoV
Nc1cc2nn(-c3ccccc3)nc2cc1Cl,1,SARS-CoV
CCc1nnc(NS(=O)(=O)c2ccc(NC(=O)/C=C/c3ccccc3Cl)cc2)s1,1,SARS-CoV
Cn1nc(-c2ccccn2)nc2c(=O)n(C)c(=O)nc1-2,1,SARS-CoV
N#Cc1ccc(CSc2nnc(NC(=O)c3ccc4ncsc4c3)s2)cc1,1,SARS-CoV
CC(=O)N(C)c1ccc(NS(=O)(=O)c2cc(Cl)ccc2Cl)cc1,1,SARS-CoV
CSc1cccc(NC(=O)Cc2ccccc2[N+](=O)[O-])c1,1,SARS-CoV
CN1CCN(CC(=O)Nc2cccc([N+](=O)[O-])c2)CC1,1,SARS-CoV
O=C(O)c1cccc(NS(=O)(=O)c2ccc(C3CCCCC3)cc2)c1,1,SARS-CoV
O=C(Cn1nnc2ccccc21)c1ccc(Cl)cc1,1,SARS-CoV
CC(=O)Nc1ccc(N(C(=O)Cn2nnc3ccccc32)C(C(=O)NC2CCCC2)c2ccc(O)c(O)c2)cc1,1,SARS-CoV
O=C(Nc1nc(-c2cccc([N+](=O)[O-])c2)cs1)c1cccc([N+](=O)[O-])c1C(=O)O,1,SARS-CoV
CCC(C)(C)NC(=O)C(c1ccc(O)cc1)N(C(=O)Cn1nnc2ccccc21)c1ccc(NC(C)=O)cc1,1,SARS-CoV
NNC(=O)CN1C(c2ccccc2)=Nc2ccc(Br)cc2C1c1ccccc1,1,SARS-CoV
Cc1ccc(C(=O)NC(C#N)=C(Cl)Cl)cc1,1,SARS-CoV
O=C(Cn1nnc2ccccc21)c1ccc(Br)cc1,1,SARS-CoV
COCCNC(=O)C(c1ccc(C)o1)N(C(=O)Cn1nnc2ccccc21)c1ccccc1,1,SARS-CoV
Cc1ccc(-n2nnnc2SCC(=O)NC(C(=O)O)(c2ccccc2)c2ccccc2)cc1C,1,SARS-CoV
NNC(=O)CN1C(CN2CCOCC2)=Nc2ccc(Br)cc2C1c1ccccc1,1,SARS-CoV
Cc1cc(=O)oc2cc(OC(=O)c3ccco3)ccc12,1,SARS-CoV
Clc1ccccc1Nc1nc(-c2cccnc2)cs1,1,SARS-CoV
COc1ccc(N/C=C2\CCc3ccccc3C2=O)cc1,1,SARS-CoV
CCC(C)(C)NC(=O)C(c1cccn1C)N(C(=O)Cn1nnc2ccccc21)c1ccc(NC(C)=O)cc1,1,SARS-CoV
Cc1cc(C(=O)CCl)c(C)n1Cc1ccco1,1,SARS-CoV
COc1cc(OC)c(C2=Nc3ccc(Br)cc3C(c3ccccc3)N2CC(=O)NN)cc1OC,1,SARS-CoV
COC(=O)COc1cccc2c(=O)n(CC(=O)NCc3ccccc3)ccc12,1,SARS-CoV
Cc1cccc2c1N(CCOc1ccccc1)C(=O)C2=O,1,SARS-CoV
COc1ccc(COc2ccc(C3C(S(=O)(=O)c4ccccc4)CON3C)cc2OC)cc1,1,SARS-CoV
COc1c(Cl)cc(C(=O)NN)cc1Cl,1,SARS-CoV
COc1ccc(NC(=O)c2ccc3c(=O)n(-c4ccc(OC)cc4OC)c(=S)[nH]c3c2)cc1,1,SARS-CoV
NS(=O)(=O)c1ccc(Nc2ccc([N+](=O)[O-])c3nonc23)cc1,1,SARS-CoV
CCc1nnc(NS(=O)(=O)c2ccc(NC(=O)/C=C/c3ccc(F)cc3)cc2)s1,1,SARS-CoV
CCCCCc1c2c(cc(O)c1C(=O)O)OC(=O)c1c(cc(OC)cc1C(=O)CCCC)O2,1,SARS-CoV
Cc1cc(Br)c(NC(=O)COn2nnc3ccc(S(C)(=O)=O)cc32)c(Br)c1,1,SARS-CoV
O=C(CCl)N=c1sccn1Cc1ccc(Cl)cc1Cl,1,SARS-CoV
O=C(OCC(=O)N1c2ccccc2Sc2ccccc21)c1cccnc1,1,SARS-CoV
O=Cc1cn(Cc2ccccc2)nc1-c1cccnc1,1,SARS-CoV
CC1(C)C2CC=C(/C=N/NC(=S)Nc3cccnc3)C1C2,1,SARS-CoV
COC(=O)C1=C(C)NC(=S)NC1c1ccc(-c2ccccc2C(=O)OC)o1,1,SARS-CoV
COc1cccc(/C=N/NC(=S)Nc2cccnc2)c1,1,SARS-CoV
O=C(CCl)Nc1ccccc1C(=O)c1ccccc1,1,SARS-CoV
COc1cc(NC(=O)c2cc(Cl)nnc2Cl)cc(OC)c1OC,1,SARS-CoV
COCCOC(=O)/C(C#N)=C/c1cn(Cc2ccccc2)nc1-c1cccnc1,1,SARS-CoV
CCOC(=O)c1c(NC(=O)CCl)sc(CN(C)C)c1-c1ccccc1,1,SARS-CoV
Cc1ccc(-c2nn(-c3ccccc3)cc2NC(=O)CCl)cc1,1,SARS-CoV
Cc1cc(NC(=O)COn2nnc3ccc(S(C)(=O)=O)cc32)ccc1Br,1,SARS-CoV
Cc1cc(C(=O)CCl)c(C)n1-c1cccc([N+](=O)[O-])c1,1,SARS-CoV
O=C(c1cc(=O)[nH]c2ccccc12)N1CCN(c2cccc(C(F)(F)F)c2)CC1,1,SARS-CoV
O=C(O)c1ccc(NC(=O)c2cn(-c3ccccc3)nc2-c2ccc(Cl)cc2)cc1,1,SARS-CoV
O=C(/C=C/c1cccs1)Nc1scc(-c2ccccc2)c1C(=O)O,1,SARS-CoV
COc1ccc(N2CCN(C(=O)c3cc(=O)[nH]c4ccccc34)CC2)cc1,1,SARS-CoV
O=C(O)c1ccccc1NS(=O)(=O)c1ccc(NNC(=S)Nc2ccc(OC(F)F)cc2)c([N+](=O)[O-])c1,1,SARS-CoV
Cc1cccc(N2CCN(C(=O)c3cc(=O)[nH]c4ccccc34)CC2)c1C,1,SARS-CoV
Cc1cccc(-n2nc(C)c3c(C(=O)O)cc(-c4cccs4)nc32)c1,1,SARS-CoV
O=C(c1cc(=O)c2ccccc2o1)N1CCN(c2ccccc2)CC1,1,SARS-CoV
O=C(CCl)N=c1sccn1Cc1ccccc1Cl,1,SARS-CoV
CC(=O)n1cc(N(C(=O)CCl)c2ccc([N+](=O)[O-])cc2)c2ccccc21,1,SARS-CoV
O=C1N/C(=N/S(=O)(=O)Cc2ccccc2)S/C1=C/c1ccc2c(c1)OCO2,1,SARS-CoV
COc1ccccc1OCCNC(=O)c1cc(=O)[nH]c2ccccc12,1,SARS-CoV
CC(=O)n1cc(N(C(=O)CCl)c2ccc(Cl)cc2)c2ccccc21,1,SARS-CoV
COC1C(OC(=O)c2ccc(C)[nH]2)C(O)C(Oc2ccc3c(O)c(NC(=O)c4ccc(O)c(CC=C(C)C)c4)c(=O)oc3c2Cl)OC1(C)C,1,SARS-CoV
C=CCc1c(C)nc2c(C)cccc2c1SC(=N)N,1,SARS-CoV
CNC(=O)N(O)C1N(/N=C/c2cccs2)C(=S)SC1(C)C,1,SARS-CoV
CCOC(=O)c1oc2nc(CC(C)C)c3c(c2c1N)CCCC3,1,SARS-CoV
C[n+]1cccc2c(Br)ccc(O)c21,1,SARS-CoV
CC(C)C12CN(C(=O)c3ccccc3[N+](=O)[O-])CC(C(C)C)(CN(C(=O)c3ccccc3[N+](=O)[O-])C1)C2=O,1,SARS-CoV
O=C(O)c1ccc(Cl)c(-c2ccc(/C=N/NC(=O)C(O)(c3ccccc3)c3ccccc3)o2)c1,1,SARS-CoV
O=C(c1cc(=O)[nH]c2ccccc12)N1CCN(c2ccccc2)CC1,1,SARS-CoV
O=C(CSc1ncnc2scc(-c3ccccc3)c12)Nc1ccc(C(=O)O)cc1,1,SARS-CoV
COC(=O)[C@@H](Cc1c[nH]c2ccccc12)NC(=O)c1cc(=O)[nH]c2ccccc12,1,SARS-CoV
O=C(O)c1ccc2ncsc2c1,1,SARS-CoV
COc1cc(C(=O)NS(=O)(=O)c2ccccc2C)ccc1Cc1cn(C)c2ccc(NC(=O)OC3CCCC3)cc12,1,SARS-CoV
COc1ccccc1N1CCN(CC(O)COc2cccc3ccccc23)CC1,1,SARS-CoV
CN(C)S(=O)(=O)c1cccc(NC(=S)N/N=C/c2cc(Br)ccc2O)c1,1,SARS-CoV
CN1CCN2c3ccc(N)cc3CC3(C(=O)NC(=O)NC3=O)C2C1,1,SARS-CoV
Cc1ccc(S(=O)(=O)Nc2cc(-c3ccccc3)nn2C)cc1Cl,1,SARS-CoV
N/C(=N\S(=O)(=O)c1cc(C(F)(F)F)cc(C(F)(F)F)c1)c1ccc(Cl)cc1,1,SARS-CoV
O=C(/C=C/c1c(F)cccc1Cl)Nc1cccnc1,1,SARS-CoV
CCC1CCC(N2CCN(c3ccc([N+](=O)[O-])cc3)CC2)CC1,1,SARS-CoV
O=C(/C=C/c1ccccc1Cl)Nc1cccnc1,1,SARS-CoV
O=C1C(=O)N(CCCc2ccccc2)c2ccccc21,1,SARS-CoV
COC(=O)c1ccc(OC(=O)CN2C(=O)c3ccccc3C2=O)cc1,1,SARS-CoV
Cc1cc(=O)oc2cc(NC(=O)Cc3ccccc3[N+](=O)[O-])ccc12,1,SARS-CoV
O=C(N/N=C\c1c(O)ccc2ccccc12)c1cncc(Br)c1,1,SARS-CoV
NC(=S)N/N=C/c1ccc(C23CC4CC(CC(C4)C2)C3)cc1,1,SARS-CoV
O=C(O)c1[nH]c2ccccc2c1C(c1cc(Br)ccc1O)c1c(C(=O)O)[nH]c2ccccc12,1,SARS-CoV
O=C(O)COc1ccc(Br)cc1C(c1c(C(=O)O)[nH]c2ccccc12)c1c(C(=O)O)[nH]c2ccccc12,1,SARS-CoV
Cc1cc2c(cc1C)C(c1ccccc1F)CC(=O)N2,1,SARS-CoV
COc1ccccc1C(=O)Nc1nc2ccccc2s1,1,SARS-CoV
COc1cc(NC(=O)C2CC(c3cccc(Br)c3)=NO2)cc(OC)c1OC,1,SARS-CoV
Cc1ccc(O)c(Nc2ncnc3ccccc23)c1,1,SARS-CoV
CSc1nsc(NC(=O)OCc2ccc(Cl)cc2)n1,1,SARS-CoV
COc1ccc(N(Cc2cc(=O)[nH]c3ccccc23)C(=O)CCl)cc1,1,SARS-CoV
Cc1ccc(C(=O)NCCN2CCOCC2)cc1C,1,SARS-CoV
CCc1nc(N2CCN(C(=O)CCl)CC2)c2c3c(sc2n1)CC(C)CC3,1,SARS-CoV
Cc1ccc(-c2cc(NC(=O)c3ccccc3[N+](=O)[O-])n[nH]2)cc1,1,SARS-CoV
O=C(O)c1ccc(N2N=C(c3ccccc3)CC2c2ccccc2)cc1,1,SARS-CoV
CCOc1ccc2c(c1)C(=O)C(=O)N2CC1COc2ccccc2O1,1,SARS-CoV
CCc1ccc2c(c1)C(NC(C)=O)C(=O)N2CCN1CCOCC1,1,SARS-CoV
COc1ccc2c(c1)C(=O)C(=O)N2CC1COc2ccccc2O1,1,SARS-CoV
CC(=O)NC1C(=O)N(CCN2CCOCC2)c2ccc(Br)cc21,1,SARS-CoV
Cc1ccc(C2CC(c3cccs3)=NN2C(=O)CCl)cc1,1,SARS-CoV
O=C(NN1C(=O)/C(=C/c2ccc(O)cc2)SC1=S)c1ccccc1O,1,SARS-CoV
CCCCNC(=O)N(O)C1N(/N=C/c2ccc(N(C)C)cc2)C(=S)SC1(C)C,1,SARS-CoV
O=C1C(=O)N(CC2COc3ccccc3O2)c2ccccc21,1,SARS-CoV
O=C(Nn1cnc2ccccc2c1=O)c1ccc(Br)cc1,1,SARS-CoV
CC(C)(C)c1ccc(C(=O)Nc2ccc(S(=O)(=O)Nc3cnc4ccccc4n3)cc2)cc1,1,SARS-CoV
CC(=O)NC1C(=O)N(CCN2CCOCC2)c2ccc(C)cc21,1,SARS-CoV
COC(=O)CC1COc2ccccc2N1C(=O)/C=C/c1ccccc1,1,SARS-CoV
CC(=O)NC1C(=O)N(CCN2CCOCC2)c2ccc(Cl)cc21,1,SARS-CoV
CC(=O)NC1C(=O)N(CCN2CCOCC2)c2ccc(F)cc21,1,SARS-CoV
CCCCOc1ccc(C(=O)Oc2cccnc2)cc1,1,SARS-CoV
CCN(CC)C(=O)Cn1cc(/C=C2\C(=O)NC(=O)N(c3ccccc3F)C2=O)c2ccccc21,1,SARS-CoV
Cc1cc(C)n(C(=O)c2ccc(C)c(Br)c2)n1,1,SARS-CoV
COc1ccccc1-n1c(C)c(C(=O)O)c2cc(OC)c3ccccc3c21,1,SARS-CoV
Cc1ccc(C(=O)n2cnc3ccccc32)cc1C,1,SARS-CoV
COc1cc2c(cc1OC)C(c1cc(Br)ccc1F)N(C(=O)CCl)CC2,1,SARS-CoV
N#Cc1c(-c2ccccc2)nc(SCC(=O)Nc2ccc(OC(F)(F)Cl)cc2)[nH]c1=O,1,SARS-CoV
Cc1ccc2c(c1)c1c(n2CC(O)CN2CCCCCC2)CCCC1,1,SARS-CoV
O=c1[nH]c(=O)n(-c2ccccc2F)c(O)c1/C=C1\C=Nc2ccccc21,1,SARS-CoV
CC1CCN(c2ccc3nnc(CCC(=O)NCCCOC(C)C)n3n2)CC1,1,SARS-CoV
O=C1C(=O)N(C/C=C/c2ccccc2)c2ccccc21,1,SARS-CoV
Cc1cc(=O)oc2cc(NC(=O)c3ccccc3OC(F)F)ccc12,1,SARS-CoV
Cc1ccc(NC(=O)Nc2cccnc2)cc1Cl,1,SARS-CoV
O=C(CN1C(=O)c2ccccc2C1=O)Oc1ccc(F)cc1,1,SARS-CoV
CCOC(=O)c1c(C)n(S(=O)(=O)c2ccc(C)cc2)c2ccc(O)c(C(=O)O)c12,1,SARS-CoV
O=C(CCl)N(CCc1ccccc1)CCc1ccccc1,1,SARS-CoV
N#CCC(=O)N/N=C/c1c(-c2ccccc2)n(-c2ccccc2)c2ccccc12,1,SARS-CoV
O=C(O)c1cc(NN=C2c3ccccc3-c3ccccc32)ccc1Cl,1,SARS-CoV
O=C(O)/C(=C\c1cccc(OCc2ccccc2)c1)c1ccc(F)cc1,1,SARS-CoV
Cc1ccc(C2=NN(C(=O)CCl)C(c3ccco3)C2)o1,1,SARS-CoV
O=C(O)/C(=C\c1ccc(F)cc1)c1ccc(-c2ccccc2)cc1,1,SARS-CoV
CN(C)S(=O)(=O)c1cccc(NC(=O)CSc2cccc3cccnc23)c1,1,SARS-CoV
COc1cc(C2CC(c3cccs3)=NN2C(=O)CCl)ccc1OC(F)F,1,SARS-CoV
COc1ccc(C2CC(c3cccs3)=NN2C(=O)CCl)cc1OC,1,SARS-CoV
COc1ccc(/C=C(\C#N)c2c[nH]c3ccccc23)cc1,1,SARS-CoV
O=C(O)CSCC(=O)N(Cc1ccccc1)c1nc(-c2ccccc2)c(-c2ccccc2)s1,1,SARS-CoV
O=C(Nc1ccccc1)NN(C(=O)CCl)c1ccccc1,1,SARS-CoV
O=C(c1cncc(Br)c1)N1CCN(S(=O)(=O)c2ccccc2C(F)(F)F)CC1,1,SARS-CoV
O=C(Cc1ccc(Cl)c(Cl)c1)Nc1cccnc1,1,SARS-CoV
COc1cccc(N2C(=O)/C(=C/c3ccc(C)o3)C(=O)NC2=S)c1,1,SARS-CoV
COc1cc(CNCCc2c[nH]c3ccccc23)cc(OC)c1,1,SARS-CoV
O=C(O)c1ccc(CN(Cc2ccccc2)S(=O)(=O)c2ccc(Cl)cc2)cc1,1,SARS-CoV
COc1ccc(C2C(O)C(c3c[nH]c4ccccc34)=NN2C(=O)CCl)cc1,1,SARS-CoV
CC(C)C[C@H](NC(=O)c1nc[nH]c1C(=O)NCc1ccc(CNC(=O)OC(C)(C)C)cc1)C(=O)OC(C)(C)C,1,SARS-CoV
CC(C)(C)OC(=O)[C@H](Cc1ccccc1)NC(=O)c1[nH]cnc1C(=O)N[C@@H](Cc1ccccc1)C(=O)OCc1ccccc1,1,SARS-CoV
CCOc1ccc(N(CC(=O)Nc2ccc(CC)cc2)S(=O)(=O)c2c(C)[nH]c(=O)[nH]c2=O)cc1,1,SARS-CoV
Cc1noc(C)c1S(=O)(=O)Nc1ccc(C(=O)Nc2ccc(OC(F)(F)F)cc2)cc1,1,SARS-CoV
CC(C)(C)OC(=O)NCc1ccc(CNC(=O)c2[nH]cnc2C(=O)N[C@@H](Cc2ccccc2)C(=O)OC(C)(C)C)cc1,1,SARS-CoV
CC(C)(C)OC(=O)CNC(=O)c1[nH]cnc1C(=O)NC(c1ccccc1)c1ccccc1,1,SARS-CoV
CC(C)(C)OC(=O)NCc1ccc(CNC(=O)c2[nH]cnc2C(=O)N[C@@H](Cc2ccccc2)C(=O)OCc2ccccc2)cc1,1,SARS-CoV
CCOC(=O)C1CCN(C(=O)c2ccc3c(c2)NC(=O)/C(=C\c2cccc(C)c2)S3)CC1,1,SARS-CoV
CC(C)CS(=O)(=O)C1=NSC2=NC(=O)/C(=C\c3ccc(OC(=O)c4ccco4)cc3)C(=N)N21,1,SARS-CoV
Cc1cc(C)c(S(=O)(=O)/N=C2\C=C(Nc3ccc(C(=O)O)cc3)C(=O)c3ccccc32)c(C)c1,1,SARS-CoV
Cc1ccc(S(=O)(=O)/N=C2\C=C(Nc3cccc(C(=O)O)c3)C(=O)c3ccccc32)cc1,1,SARS-CoV
O=C(CSc1ccccn1)Nc1nonc1[N+](=O)[O-],1,SARS-CoV
CC(C)c1ccc(NC(=O)CSc2nc3ccsc3c(=O)n2Cc2ccc(C(=O)O)cc2)cc1,1,SARS-CoV
O=C(Nc1c2c(nn1-c1cccc(Cl)c1)CS(=O)(=O)C2)c1ccc2c(c1)OCO2,1,SARS-CoV
Cc1ccc(C(=O)O)cc1NC(=S)NC(=O)c1ccc(COc2ccccc2)cc1,1,SARS-CoV
CC[C@@]12C(=O)N(c3cccc(F)c3)C(=O)N1[C@H](c1ccc(F)cc1)[C@@H]1C(=O)N(C3CCCCC3)C(=O)[C@@H]12,1,SARS-CoV
C[C@@]12C(=O)N(c3cccc(F)c3)C(=O)N1[C@H](c1ccc(F)cc1)[C@@H]1C(=O)N(C3CCCCC3)C(=O)[C@@H]12,1,SARS-CoV
CSc1ccccc1OCc1cc(C(=O)N(C)Cc2cnccn2)no1,1,SARS-CoV
C[C@@]12C(=O)N(c3cccc(Br)c3)C(=O)N1[C@H](c1ccc(Cl)cc1)[C@@H]1C(=O)N(C3CCCCC3)C(=O)[C@@H]12,1,SARS-CoV
O=C(N[C@@H](Cc1ccc(Br)cc1)C(=O)O)OCC1c2ccccc2-c2ccccc21,1,SARS-CoV
CCc1cc(=O)oc2cc(OC(=O)c3ccco3)ccc12,1,SARS-CoV
Cc1nc(-c2ccc(S(=O)(=O)N3CCN(c4ccccc4)CC3)cc2)co1,1,SARS-CoV
Cc1cc(C(=O)NC2CCCc3c2cnn3-c2ccc(C(C)(C)C)cc2)n[nH]1,1,SARS-CoV
CN(CCc1ccccc1)C(=O)c1cc(COc2cccc(C(F)(F)F)c2)on1,1,SARS-CoV
Nc1ncc(Br)cc1S(=O)(=O)Nc1cc(C(F)(F)F)cc(C(F)(F)F)c1,1,SARS-CoV
CCOc1ccc(N(Cc2cc3ccc(C)cc3[nH]c2=O)S(=O)(=O)c2ccccc2)cc1,1,SARS-CoV
Cc1cccc(NS(=O)(=O)c2nnc(NC(=O)c3cccc(C)c3)s2)c1,1,SARS-CoV
O=c1[nH]c(C2CCN(S(=O)(=O)c3ccccc3F)CC2)nc2c1nnn2Cc1ccc(OC(F)(F)F)cc1,1,SARS-CoV
CN(Cc1ccc(F)cc1)S(=O)(=O)c1nnc(NC(=O)c2ccccc2Br)s1,1,SARS-CoV
Cc1ccc(C)c(N2CCN(C(=O)CCS(=O)(=O)c3ccc4c(c3)NC(=O)C(C)S4)CC2)c1,1,SARS-CoV
CCN(c1ccccc1)S(=O)(=O)c1nnc(NC(=O)c2ccccc2OC)s1,1,SARS-CoV
CCc1ccc(NC(=O)C2CCCN(S(=O)(=O)c3ccc4[nH]c(=O)ccc4c3)C2)cc1,1,SARS-CoV
Cc1ccc(C)c(OC(C)C(=O)Nc2nccs2)c1,1,SARS-CoV
O=C(CSc1ccc(F)cc1)Nc1ccc2c(c1)C(=O)NC2=O,1,SARS-CoV
CCOc1ccc(NC(=O)CSc2nc(NS(=O)(=O)c3ccc(C)cc3)cc(=O)[nH]2)cc1,1,SARS-CoV
COc1cc(NS(=O)(=O)c2ccc(NC(=S)NC(=O)c3ccc(F)cc3)cc2)nc(OC)n1,1,SARS-CoV
COc1cccc(C(C(=O)NCC2CCCO2)N(C(=O)Cn2nnc3ccccc32)c2ccc(NC(C)=O)cc2)c1OC,1,SARS-CoV
CC1CCC2C(=O)N(c3cc(Cl)ccc3OC(=O)c3ccco3)C(=O)C2C1,1,SARS-CoV
COc1ccc(C(C(=O)NCC2CCCO2)N(C(=O)Cn2nnc3ccccc32)c2ccc(NC(C)=O)cc2)c(OC)c1,1,SARS-CoV
CCc1ccc(N(C(=O)c2ccco2)C(C(=O)NC2CCCC2)c2cccnc2)cc1,1,SARS-CoV
CCC(C)c1ccc(N(C(=O)c2ccco2)C(C(=O)NC2CCCC2)c2cccnc2)cc1,1,SARS-CoV
CC(=O)Nc1ccc(NC(=O)C/C(C)=N/NC(=O)COc2cc(C)c(Br)cc2Br)cc1,1,SARS-CoV
Cc1nc(N2CCC(C)CC2)c2c(C)c(C(=O)Nc3ccc4c(c3)OCCO4)sc2n1,1,SARS-CoV
COc1ccc(S(=O)(=O)c2c(O)c3ccc(C(=O)Nc4cccc(F)c4)cc3[nH]c2=O)cc1,1,SARS-CoV
CCc1ccc(S(=O)(=O)/N=C2\C=C(Nc3ccc(C(=O)O)cc3)C(=O)c3ccccc32)cc1,1,SARS-CoV
CC(C)C[C@H](NC(=O)c1[nH]cnc1C(=O)N[C@@H](Cc1ccccc1)C(=O)OCc1ccccc1)C(=O)OC(C)(C)C,1,SARS-CoV
O=C(NCC(=O)N1CCN(Cc2ccccc2)CC1)c1ccc(Br)cc1,1,SARS-CoV
CC(C)c1ccc(N(C(=O)c2csnn2)C(C(=O)NC2CCCC2)c2cccnc2)cc1,1,SARS-CoV
CC(C)c1ccc(N(C(=O)c2ccco2)C(C(=O)NC2CCCC2)c2cccnc2)cc1,1,SARS-CoV
COc1cccc(C(C(=O)NCC2CCCO2)N(C(=O)Cn2nnc3ccccc32)c2ccc(NC(C)=O)cc2)c1,1,SARS-CoV
COc1ccc(C(C(=O)NCC2CCCO2)N(C(=O)Cn2nnc3ccccc32)c2ccc(NC(C)=O)cc2)cc1,1,SARS-CoV
COc1ccccc1/C=C1\SC(=S)N(CCC(=O)NNC(=O)c2ccccc2OC)C1=O,1,SARS-CoV
Cc1ccccc1NC1=C/C(=N\S(=O)(=O)c2ccc(C(=O)O)cc2)c2ccccc2C1=O,1,SARS-CoV
COc1cccc(CNC(=O)CN(c2ccc(C(C)C)cc2)S(=O)(=O)c2c(C)noc2C)c1,1,SARS-CoV
CCN(c1ccc(OC)cc1)S(=O)(=O)c1nnc(NC(=O)COc2ccc(C)cc2)s1,1,SARS-CoV
Cc1cccc(NS(=O)(=O)c2nnc(NC(=O)c3ccc(Cl)cc3)s2)c1,1,SARS-CoV
O=C(CCS(=O)(=O)c1ccccc1)N1CCN(c2ccc(F)cc2)CC1,1,SARS-CoV
COc1cc(OC)c(OC)cc1/C=C1\Oc2cc(OCC(=O)N3Cc4ccccc4C[C@H]3C(=O)O)ccc2C1=O,1,SARS-CoV
O=S(=O)(Nc1ccc(S(=O)(=O)Nc2nccs2)cc1)c1ccc(Br)cc1,1,SARS-CoV
CCOc1ccc(N(CC(=O)NCCSCc2ccco2)S(=O)(=O)c2ccc(C)cc2)cc1,1,SARS-CoV
CCc1c(C)sc(NC(=O)Cc2ccccc2OC)c1C(=O)N1CCOCC1,1,SARS-CoV
Cn1ncc(Cl)c1C(=O)Nc1ccc2c(c1)OCO2,1,SARS-CoV
CCOc1ccc(C2C(C(=O)c3ccc(C)o3)=C(O)C(=O)N2c2nc(C)c(C(=O)OC)s2)cc1,1,SARS-CoV
Cc1ccc(C(=O)c2c3ccccc3[n+]([O-])n2CCC(N)=O)cc1,1,SARS-CoV
NC(=O)CCn1c(C(=O)c2cc(Cl)c(N)c(Cl)c2)c2ccccc2[n+]1[O-],1,SARS-CoV
NC(=O)CCn1c(C(=O)c2ccc(Cl)cc2)c2ccccc2[n+]1[O-],1,SARS-CoV
Cc1ccc(C(=O)c2c3ccc(C(F)(F)F)cc3[n+]([O-])n2CCC(N)=O)cc1,1,SARS-CoV
COc1cc(C(=O)Nc2ccc(N3CCN(C(=O)c4ccc(C)cc4)CC3)cc2)cc(OC)c1OC,1,SARS-CoV
COc1ccc(N(Cc2cc3ccccc3[nH]c2=O)S(=O)(=O)c2ccc(OC)cc2)cc1,1,SARS-CoV
CCn1nc(NS(=O)(=O)c2ccccc2)c2cc3cc(C)ccc3nc21,1,SARS-CoV
CCn1nc(NS(=O)(=O)c2ccc([N+](=O)[O-])cc2)c2cc3cccc(C)c3nc21,1,SARS-CoV
COc1cccc(/C=N/NC(=O)c2nnn(-c3nonc3N)c2CN(C)c2ccccc2)c1,1,SARS-CoV
CC(C)Oc1ccc(/C=N/NC(=O)c2nnn(-c3nonc3N)c2CN(C)c2ccccc2)cc1,1,SARS-CoV
Cc1c(OCC(=O)N[C@@H](Cc2c[nH]c3ccccc23)C(=O)O)ccc2c1oc(=O)c1ccccc12,1,SARS-CoV
CCn1cc(C(=O)NC(=S)Nc2ccccc2[N+](=O)[O-])cn1,1,SARS-CoV
O=C(COc1ccc(S(=O)(=O)N2CCCCC2)cc1)Nc1ccccc1F,1,SARS-CoV
COc1ccc(C)cc1NC(=O)CSc1nc2scc(C)c2c(=O)[nH]1,1,SARS-CoV
O=S(=O)(Nc1cc(F)ccc1F)c1cccc2nonc12,1,SARS-CoV
Cc1noc(NS(=O)(=O)c2ccc(NC(=O)c3oc4ccc(Cl)cc4c3C)cc2)c1C,1,SARS-CoV
O=C1NC(=O)N(c2ccccc2F)C(=O)/C1=C/c1cn(CC(=O)N2CCOCC2)c2ccccc12,1,SARS-CoV
Cc1ccc(OCC(=O)Nc2ccc(C(=O)O)cc2NC(=O)COc2ccc(C)c(C)c2)cc1C,1,SARS-CoV
Cc1ccc(C(=O)C2=C(O)C(=O)N(Cc3cccnc3)C2c2ccc(OC(C)C)cc2)o1,1,SARS-CoV
O=C(Nc1ccccc1N1CCN(C(=O)c2ccc(Cl)cc2)CC1)c1cccc([N+](=O)[O-])c1,1,SARS-CoV
COc1ccc(S(=O)(=O)N2CCN(C(=O)Nc3ccccc3OC)CC2)cc1,1,SARS-CoV
COC(=O)c1ccc(NC(=O)c2ccc(NC(=O)c3ccco3)cc2)cc1,1,SARS-CoV
Cc1ccc(C)c(S(=O)(=O)N2CCN(C(=O)c3ccc(N4CCCC4)c([N+](=O)[O-])c3)CC2)c1,1,SARS-CoV
NC(=O)CCn1c(C(=O)c2cccc([N+](=O)[O-])c2)c2ccccc2[n+]1[O-],1,SARS-CoV
O=C1/C(=C/c2cccc(Cl)c2)SC(=S)N1CCC(=O)N1CCCCC1CCO,1,SARS-CoV
Cc1ccc(NC(=O)CN(C)C(=O)c2cccnc2Nc2cccc(C(F)(F)F)c2)cc1,1,SARS-CoV
CCN(CC)c1ccc(/C=N/NC(=O)c2nnn(-c3nonc3N)c2C(C)C)c(O)c1,1,SARS-CoV
O=C(CN1C(=O)S/C(=C\c2cccs2)C1=O)Nc1ccc(C(=O)O)c(O)c1,1,SARS-CoV
Cc1ccc(C(=O)c2c3ccc([N+](=O)[O-])cc3[n+]([O-])n2CCC(N)=O)cc1,1,SARS-CoV
Cc1oc2c(F)c(F)c(F)c(F)c2c1S(=O)(=O)Nc1cccc(C(F)(F)F)c1,1,SARS-CoV
CC(C)(C)c1ccc(NC(=O)CSc2n[nH]c(=O)n2-c2cccnc2)cc1,1,SARS-CoV
CC(=O)N(c1ccc(C(F)(F)F)cc1)S(=O)(=O)c1ccc(N2C(=O)CCC2=O)cc1,1,SARS-CoV
CCCc1c(C(=O)N/N=C/c2c(OC)ccc3ccccc23)nnn1-c1nonc1N,1,SARS-CoV
COc1ccc(NC(=O)CC2C(=O)NCCN2C(=O)Nc2ccc(C(F)(F)F)cc2)cc1,1,SARS-CoV
O=C(Nc1ccc2c(c1)OCCO2)c1ncoc1-c1ccccc1,1,SARS-CoV
COC(=O)c1ccccc1NC(=O)c1ccc2c(c1)OCCCO2,1,SARS-CoV
COc1ccccc1CCNC(=O)C(=O)NCC1OCCN1S(=O)(=O)c1ccc2c(c1)OCCO2,1,SARS-CoV
COc1ccc(S(=O)(=O)N2CCOC2CNC(=O)C(=O)NCCN(C)C)cc1,1,SARS-CoV
O=C(NCCc1ccccc1)C(=O)NCC1OCCN1S(=O)(=O)c1ccc2c(c1)OCCO2,1,SARS-CoV
CN(C)c1ccc(C(=O)N[C@@H](Cc2ccccc2)C(=O)Nc2ccc([N+](=O)[O-])cc2Cl)cc1,1,SARS-CoV-2
O=C(On1nnc2ccccc21)c1ccc2[nH]ccc2c1,1,SARS-CoV-2
COc1c(Sc2nnnn2-c2ccc(OCc3ccccc3)cc2)c(=O)[nH]c2ccccc12,1,SARS-CoV-2
CC(C)C[C@H](NC(=O)[C@@H](NC(=O)[C@H](C)NC(=O)OCc1ccccc1)C(C)C)C(=O)NC(Cc1ccccc1)C(=O)C(F)(F)F,1,SARS-CoV-2
Cc1cc(C(=O)N[C@@H](C)C(=O)N[C@H](C(=O)N[C@@H](CC(C)C)C(=O)N[C@H](CCC(=O)OCC2CCCCC2)C[C@@H]2CCNC2=O)C(C)C)no1,1,SARS-CoV-2
O=c1[nH]c2cc(Cl)cc(Cl)c2c(O)c1Sc1nnnn1-c1ccc(O)cc1,1,SARS-CoV-2
O=C1C=CC(=O)c2cn(Cc3ccccc3)cc21,1,SARS-CoV-2
CCCCn1c(NCc2ccc(N3N=C(c4ccccc4)CC3c3ccccc3)cc2)nc2ccccc21,1,SARS-CoV-2
CCCn1c(NCc2ccc(N3N=C(c4ccccc4)CC3c3ccccc3)cc2)nc2ccccc21,1,SARS-CoV-2
CCn1c(NCc2ccc(N3N=C(c4ccccc4)CC3c3ccccc3)cc2)nc2ccccc21,1,SARS-CoV-2
Clc1ccc(C2C(n3ccnc3)C(c3ccc(Br)cc3)=NN2c2ccc(Cl)c(Cl)c2)cc1,1,SARS-CoV-2
Oc1c(Cl)cc(Cl)c(Cl)c1CCCc1c(O)c(Cl)cc(Cl)c1Cl,1,SARS-CoV-2
O=C(CSc1nccc(-c2csc(-c3ccccc3)n2)n1)Nc1cc(Cl)cc(Cl)c1,1,SARS-CoV-2
Cc1cc(Cl)c(Cl)c(S(=O)(=O)c2c([N+](=O)[O-])cc(C(F)(F)F)cc2[N+](=O)[O-])c1,1,SARS-CoV-2
O=C1OC[C@H](Cc2ccc3c(c2)OCO3)C1Cc1ccc2c(c1)OCO2,1,SARS-CoV-2
N#Cc1c(-c2ccc(Cl)cc2)nc(SCc2ccc([N+](=O)[O-])cc2)[nH]c1=O,1,SARS-CoV-2
O=C(O)c1ccc(/C=C2\C(=O)N(c3cccc([N+](=O)[O-])c3)N=C2c2ccccc2)cc1,1,SARS-CoV-2
O=C(O)c1ccc(/C=C2\C(=O)N(c3ccc(F)cc3)N=C2c2ccccc2)cc1,1,SARS-CoV-2
N#Cc1ccc(N2N=C(c3ccccc3)/C(=C/c3ccc(C(=O)O)cc3)C2=O)cc1,1,SARS-CoV-2
Nc1ccccc1C(=O)On1nnc2ccccc21,1,SARS-CoV-2
CN(C)c1ccc(C(=O)On2nnc3ccccc32)cc1,1,SARS-CoV-2
CNc1ccc(C(=O)On2nnc3ccccc32)cc1,1,SARS-CoV-2
CCN(CC)c1ccc(C(=O)On2nnc3ccccc32)cc1,1,SARS-CoV-2
O=C(On1nnc2ccccc21)c1ccc2[nH]cnc2c1,1,SARS-CoV-2
O=C(On1nnc2ccccc21)c1cc2cc(F)ccc2[nH]1,1,SARS-CoV-2
O=C(On1nnc2ccccc21)c1cc2ccccc2[nH]1,1,SARS-CoV-2
Cn1nc(-c2ccc(-c3ccnc(SCC(=O)Nc4ccc(Cl)cc4)n3)s2)cc1C(F)(F)F,1,SARS-CoV-2
CSc1sc(-c2nc(C)cs2)c(C)c1-c1ccnc(SCC(=O)Nc2ccc(Cl)cc2)n1,1,SARS-CoV-2
CSc1sc(-c2nc(C)cs2)c(C)c1-c1ccnc(SCC(=O)Nc2ccccc2Cl)n1,1,SARS-CoV-2
Cc1nc(-c2nc(-c3ccnc(SCC(=O)Nc4ccc(Cl)cc4)n3)cs2)cs1,1,SARS-CoV-2
O=C(CSc1nccc(-c2cc(-c3ccccc3)no2)n1)Nc1ccc(Cl)cc1,1,SARS-CoV-2
O=C(CSc1nccc(-c2cc(-c3ccc(Cl)cc3Cl)no2)n1)Nc1ccc(C(F)(F)F)cc1,1,SARS-CoV-2
O=C(CSc1nccc(-c2cc(-c3ccccc3Cl)no2)n1)Nc1ccc(Cl)cc1,1,SARS-CoV-2
CC(=O)C(=O)C(NC(=O)CNN[C@H]1[C@H]2CCCC[C@@H]2CN(C(=O)c2ccc(Br)cc2)[C@@H]1CN[C@H](C=O)Cc1c[nH]cn1)[C@@H](C)O,1,SARS-CoV-2
CC(=O)N[C@@H](CO)C(=O)N[C@@H](C)C(=O)N[C@H](C(=O)N[C@@H](CC(C)C)C(=O)N[C@H](C=O)Cc1c[nH]cn1)C(C)C,1,SARS-CoV-2
CC(=O)N[C@@H](CO)C(=O)N[C@@H](C)C(=O)N[C@H](C(=O)N[C@@H](CC1CCCCC1)C(=O)N[C@H](C=O)Cc1c[nH]cn1)C(C)C,1,SARS-CoV-2
CC(=O)N[C@H](C(=O)N[C@H](C(=O)N[C@@H](CC1CCCCC1)C(=O)N[C@H](C=O)Cc1c[nH]cn1)C(C)C)[C@H](C)O,1,SARS-CoV-2
O=C[C@H](Cc1c[nH]cn1)NC[C@@H]1C[C@H]2CCCC[C@@H]2CN1C(=O)c1ccc(Br)cc1,1,SARS-CoV-2
CCCCN(C)C[C@H]1O[C@H](CN[C@H](C=O)Cc2c[nH]cn2)C[C@H]2CCCC[C@H]12,1,SARS-CoV-2
CCOC(=O)/C=C/[C@H](C[C@@H]1CCNC1=O)NC(=O)[C@H](Cc1ccccc1)NC(=O)[C@@H](NC(=O)OCc1ccccc1)C(C)C,1,SARS-CoV-2
CCOC(=O)/C=C/[C@H](C[C@@H]1CCNC1=O)NC(=O)[C@H](CC(C)C)NC(=O)[C@@H](NC(=O)OCc1ccccc1)C(C)C,1,SARS-CoV-2
CCOC(=O)/C=C/[C@H](C[C@@H]1CCNC1=O)NC(=O)[C@H](CC(C)C)NC(=O)[C@@H](NC(=O)OCc1ccccc1)[C@H](C)OC(C)(C)C,1,SARS-CoV-2
CCOC(=O)/C=C/[C@H](Cc1ccccc1)NC(=O)[C@H](Cc1ccc(F)cc1)NC(=O)[C@@H](NC(=O)c1cc(C)on1)C(C)C,1,SARS-CoV-2
CCOC(=O)/C=C/[C@H](Cc1ccccc1)NC(=O)[C@H](Cc1ccccc1)NC(=O)[C@@H](NC(=O)c1cc(C)on1)C(C)C,1,SARS-CoV-2
CCOC(=O)/C=C/[C@H](Cc1ccccc1)NC(=O)[C@H](Cc1ccccc1)NC(=O)/C=C/c1ccc(-c2ccccc2)cc1,1,SARS-CoV-2
CCOC(=O)/C=C/[C@H](Cc1ccccc1)NC(=O)[C@H](Cc1ccccc1)NC(=O)/C=C/c1ccc([N+](=O)[O-])cc1,1,SARS-CoV-2
CCOC(=O)/C=C/[C@H](Cc1ccccc1)NC(=O)[C@H](Cc1ccccc1)NC(=O)/C=C/c1ccc(N(C)C)cc1,1,SARS-CoV-2
CCOC(=O)/C=C/[C@H](Cc1ccccc1)NC(=O)[C@H](Cc1ccccc1)NC(=O)/C=C/c1ccc(OC)cc1OC,1,SARS-CoV-2
CCOC(=O)/C=C/[C@H](Cc1ccccc1)NC(=O)[C@H](Cc1ccccc1)NC(=O)/C=C/c1ccc2c(c1)OCO2,1,SARS-CoV-2
CCOC(=O)/C=C/[C@H](C[C@@H]1CCNC1=O)NC(=O)[C@H](Cc1ccccc1)NC(=O)/C=C/c1ccc2c(c1)OCO2,1,SARS-CoV-2
CCOC(=O)/C=C/[C@H](C[C@@H]1CCNC1=O)NC(=O)[C@@H](CC(=O)[C@@H](NC(=O)c1cc(C)on1)C(C)C)Cc1ccccc1,1,SARS-CoV-2
CCOC(=O)/C=C/[C@H](C[C@@H]1CCNC1=O)NC(=O)[C@H](C=C(C)C)CC(=O)[C@@H](NC(=O)c1cc(C)on1)C(C)C,1,SARS-CoV-2
CCOC(=O)/C=C/[C@H](C[C@@H]1CCNC1=O)NC(=O)[C@H](Cc1ccccc1)C[C@H](O)[C@@H](NC(=O)c1cc(C)on1)C(C)C,1,SARS-CoV-2
CCOC(=O)/C=C/[C@H](C[C@@H]1CCNC1=O)NC(=O)[C@H](Cc1ccccc1)NC(=O)[C@@H](NC(=O)[C@H](CO)NC(=O)OC(C)(C)C)C(C)C,1,SARS-CoV-2
CCOC(=O)/C=C/[C@H](C[C@@H]1CCNC1=O)NC(=O)[C@H](CC=C(C)C)CC(=O)[C@@H](NC(=O)[C@H](CO)NC(=O)OC(C)(C)C)C(C)C,1,SARS-CoV-2
CCOC(=O)/C=C/[C@H](C[C@@H]1CCNC1=O)NC(=O)[C@H](CC(C)C)NC(=O)[C@@H](NC(=O)[C@H](CO)NC(=O)OC(C)(C)C)C(C)C,1,SARS-CoV-2
CC(=O)N[C@H](C(=O)N[C@H](C(=O)N[C@@H](CC(C)C)C(=O)N[C@@H](CCC(=O)N(C)C)C(=O)Cn1[nH]c(=O)c2ccccc2c1=O)[C@@H](C)O)C(C)C,1,SARS-CoV-2
CC(=O)N[C@H](C(=O)N[C@H](C(=O)N[C@@H](CC(C)C)C(=O)N[C@@H](C[C@@H]1CCNC1=O)C(=O)Cn1[nH]c(=O)c2ccccc2c1=O)[C@@H](C)O)C(C)C,1,SARS-CoV-2
CC(C)C[C@H](NC(=O)[C@@H](NC(=O)c1cccs1)C(C)C)C(=O)N[C@@H](Cc1ccccc1)C(=O)Nc1ccc([N+](=O)[O-])cc1Cl,1,SARS-CoV-2
Cc1cc(C(=O)N[C@H](C(=O)N[C@@H](Cc2ccccc2)C(=O)N[C@@H](Cc2ccccc2)C(=O)Nc2ccc([N+](=O)[O-])cc2Cl)C(C)C)no1,1,SARS-CoV-2
CC(C)[C@H](NC(=O)c1cccs1)C(=O)N[C@@H](Cc1ccccc1)C(=O)N[C@@H](Cc1ccccc1)C(=O)Nc1ccc([N+](=O)[O-])cc1Cl,1,SARS-CoV-2
CCOC(=O)[C@@H]1O[C@H]1C(=O)N(CCC(N)=O)NC(=O)[C@H](Cc1ccccc1)NC(=O)[C@@H](CC(C)C)NC(=O)OCc1ccccc1,1,SARS-CoV-2
CCOC(=O)[C@@H]1N[C@H]1C(=O)NCC(=O)NCC(=O)OCc1ccccc1,1,SARS-CoV-2
CC(=O)NC(C)C(=O)N[C@@H](CO)C(=O)N[C@H](C(=O)[C@@H](CO)C(=O)N[C@H](C=O)CCCC(N)=O)[C@@H](C)O,1,SARS-CoV-2
CC(=O)NC(CCC(=O)O)C(=O)N[C@@H](CO)C(=O)N[C@H](C(=O)[C@@H](CC(C)C)C(=O)N[C@H](C=O)CCCC(N)=O)[C@@H](C)O,1,SARS-CoV-2
O=C[C@H](Cc1ccccc1)NC(=O)[C@H](Cc1ccccc1)NC(=O)/C=C/c1ccccc1,1,SARS-CoV-2
C[C@H](OC(C)(C)C)[C@H](NC(=O)OCc1ccccc1)C(=O)N[C@@H](CC1CCCCC1)C(=O)N[C@H](C=O)C[C@@H]1CCNC1=O,1,SARS-CoV-2
CC(=O)N[C@@H](CO)C(=O)N[C@@H](C)C(=O)N[C@H](C(=O)N[C@@H](CC(C)C)C(=O)N[C@H](C=O)CCC(=O)N(C)C)C(C)C,1,SARS-CoV-2
CC(C)C[C@H](NC(=O)OCc1ccccc1)C(=O)N[C@@H](CCC(=O)N(C)C)C(=O)CF,1,SARS-CoV-2
CC[C@@H](C)[C@H](NC(=O)OCc1ccccc1)C(=O)N[C@@H](CCC(=O)N(C)C)C(=O)CF,1,SARS-CoV-2
CC(C)[C@H](NC(=O)OCc1ccccc1)C(=O)N[C@@H](CCC(=O)N(C)C)C(=O)CF,1,SARS-CoV-2
CC(C)C[C@H](NC(=O)[C@@H](NC(=O)OCc1ccccc1)C(C)C)C(=O)N[C@@H](CCC(=O)O)C(=O)C(F)(F)F,1,SARS-CoV-2
CC(C)C[C@H](NC(=O)[C@@H](NC(=O)OCc1ccccc1)C(C)C)C(=O)N[C@@H](CCC(N)=O)C(=O)C(F)(F)F,1,SARS-CoV-2
CC(C)C[C@H](NC(=O)[C@@H](NC(=O)OCc1ccccc1)C(C)C)C(=O)N[C@@H](CCC(=O)N1CCOCC1)C(=O)C(F)(F)F,1,SARS-CoV-2
CC(C)C[C@H](NC(=O)[C@@H](NC(=O)OCc1ccccc1)C(C)C)C(=O)N[C@@H](C[C@@H]1CCNC1=O)C(=O)c1nccs1,1,SARS-CoV-2
COc1cccc2[nH]c(C(=O)N[C@@H](CC(C)C)C(=O)N[C@@H](C[C@@H]3CCNC3=O)C(=O)c3nc4ccccc4s3)cc12,1,SARS-CoV-2
CC(C)C[C@H](NC(=O)[C@@H](NC(=O)COc1cccc(N(C)C)c1)C(C)C)C(=O)N[C@@H](C[C@@H]1CCNC1=O)C(=O)c1nc2ccccc2s1,1,SARS-CoV-2
CC(C)C[C@H](NC(=O)[C@@H](NC(=O)[C@H](C)NC(=O)OCc1ccccc1)C(C)C)C(=O)N[C@@H](Cc1ccccc1)C(=O)C(F)(F)F,1,SARS-CoV-2
CC(C)C[C@H](NC(=O)[C@@H](NC(=O)OCc1ccccc1)C(C)C)C(=O)N[C@@H](C[C@@H]1CCNC1=O)C(=O)c1nc2ccccc2s1,1,SARS-CoV-2
CC(C)C[C@H](NC(=O)[C@@H](NC(=O)COc1ccccc1)C(C)C)C(=O)N[C@@H](C[C@@H]1CCNC1=O)C(=O)c1nc2ccccc2s1,1,SARS-CoV-2
COc1ccc(OCC(=O)N[C@H](C(=O)N[C@@H](CC(C)C)C(=O)N[C@@H](C[C@@H]2CCNC2=O)C(=O)c2nc3ccccc3s2)C(C)C)cc1,1,SARS-CoV-2
CC(C)C[C@H](NC(=O)[C@@H](NC(=O)COc1ccc(O)cc1)C(C)C)C(=O)N[C@@H](C[C@@H]1CCNC1=O)C(=O)c1nc2ccccc2s1,1,SARS-CoV-2
CC(C)C[C@H](NC(=O)[C@@H](NC(=O)COc1cccnc1)C(C)C)C(=O)N[C@@H](C[C@@H]1CCNC1=O)C(=O)c1nc2ccccc2s1,1,SARS-CoV-2
CC(C)C[C@H](NC(=O)[C@@H](NC(=O)CNc1ccccc1)C(C)C)C(=O)N[C@@H](C[C@@H]1CCNC1=O)C(=O)c1nc2ccccc2s1,1,SARS-CoV-2
CC(C)C[C@H](NC(=O)OCc1ccccc1)C(=O)N[C@@H](C[C@@H]1CCNC1=O)C(=O)c1nc2ccccc2s1,1,SARS-CoV-2
CCCC[C@H](NC(=O)OCc1ccccc1)C(=O)N[C@@H](C[C@@H]1CCNC1=O)C(=O)c1nc2ccccc2s1,1,SARS-CoV-2
CC(C)[C@H](NC(=O)OCc1ccccc1)C(=O)N[C@@H](C[C@@H]1CCNC1=O)C(=O)c1nc2ccccc2s1,1,SARS-CoV-2
CSCC[C@H](NC(=O)OCc1ccccc1)C(=O)N[C@@H](C[C@@H]1CCNC1=O)C(=O)c1nc2ccccc2s1,1,SARS-CoV-2
O=C(N[C@@H](Cc1ccccc1)C(=O)N[C@@H](C[C@@H]1CCNC1=O)C(=O)c1nc2ccccc2s1)OCc1ccccc1,1,SARS-CoV-2
CC(C)CC(=O)N[C@@H](CC(C)C)C(=O)N[C@@H](C[C@@H]1CCNC1=O)C(=O)c1nc2ccccc2s1,1,SARS-CoV-2
CC(C)C[C@H](NC(=O)Cc1ccccc1)C(=O)N[C@@H](C[C@@H]1CCNC1=O)C(=O)c1nc2ccccc2s1,1,SARS-CoV-2
COc1ccc(CC(=O)N[C@@H](CC(C)C)C(=O)N[C@@H](C[C@@H]2CCNC2=O)C(=O)c2nc3ccccc3s2)cc1,1,SARS-CoV-2
COc1ccc(CCC(=O)N[C@@H](CC(C)C)C(=O)N[C@@H](C[C@@H]2CCNC2=O)C(=O)c2nc3ccccc3s2)cc1,1,SARS-CoV-2
CC(C)C[C@H](NC(=O)CCc1cccnc1)C(=O)N[C@@H](C[C@@H]1CCNC1=O)C(=O)c1nc2ccccc2s1,1,SARS-CoV-2
CC(C)C[C@H](NC(=O)/C=C/c1ccccc1)C(=O)N[C@@H](C[C@@H]1CCNC1=O)C(=O)c1nc2ccccc2s1,1,SARS-CoV-2
COc1ccc(/C=C/C(=O)N[C@@H](CC(C)C)C(=O)N[C@@H](C[C@@H]2CCNC2=O)C(=O)c2nc3ccccc3s2)cc1,1,SARS-CoV-2
COc1ccc(/C=C/C(=O)N[C@@H](CC(C)C)C(=O)N[C@@H](C[C@@H]2CCNC2=O)C(=O)c2nc3ccccc3s2)cc1OC,1,SARS-CoV-2
COc1ccc(OCC(=O)N[C@@H](CC(C)C)C(=O)N[C@@H](C[C@@H]2CCNC2=O)C(=O)c2nc3ccccc3s2)cc1,1,SARS-CoV-2
CC(C)C[C@H](NC(=O)COc1ccc(O)cc1)C(=O)N[C@@H](C[C@@H]1CCNC1=O)C(=O)c1nc2ccccc2s1,1,SARS-CoV-2
CC(C)C[C@H](NC(=O)COc1cccc(N(C)C)c1)C(=O)N[C@@H](C[C@@H]1CCNC1=O)C(=O)c1nc2ccccc2s1,1,SARS-CoV-2
COc1ccc(NCC(=O)N[C@@H](CC(C)C)C(=O)N[C@@H](C[C@@H]2CCNC2=O)C(=O)c2nc3ccccc3s2)cc1,1,SARS-CoV-2
COc1cccc(NCC(=O)N[C@@H](CC(C)C)C(=O)N[C@@H](C[C@@H]2CCNC2=O)C(=O)c2nc3ccccc3s2)c1,1,SARS-CoV-2
COc1ccccc1NCC(=O)N[C@@H](CC(C)C)C(=O)N[C@@H](C[C@@H]1CCNC1=O)C(=O)c1nc2ccccc2s1,1,SARS-CoV-2
CC(C)C[C@H](NC(=O)OCc1ccccc1)C(=O)N[C@@H](C[C@@H]1CCNC1=O)C(=O)c1ncc(-c2ccccc2)s1,1,SARS-CoV-2
COc1ccccc1-c1cnc(C(=O)[C@H](C[C@@H]2CCNC2=O)NC(=O)[C@H](CC(C)C)NC(=O)OCc2ccccc2)s1,1,SARS-CoV-2
CC(C)C[C@H](NC(=O)c1cc2ccccc2[nH]1)C(=O)N[C@@H](C[C@@H]1CCNC1=O)C(=O)c1nc2ccccc2s1,1,SARS-CoV-2
COc1ccc2[nH]c(C(=O)N[C@@H](CC(C)C)C(=O)N[C@@H](C[C@@H]3CCNC3=O)C(=O)c3nc4ccccc4s3)cc2c1,1,SARS-CoV-2
CC(C)C[C@H](NC(=O)c1cc2cc(Cl)ccc2[nH]1)C(=O)N[C@@H](C[C@@H]1CCNC1=O)C(=O)c1nc2ccccc2s1,1,SARS-CoV-2
CC(C)C[C@H](NC(=O)c1cc2c(OC(C)C)cccc2[nH]1)C(=O)N[C@@H](C[C@@H]1CCNC1=O)C(=O)c1nc2ccccc2s1,1,SARS-CoV-2
CC(C)COc1cccc2[nH]c(C(=O)N[C@@H](CC(C)C)C(=O)N[C@@H](C[C@@H]3CCNC3=O)C(=O)c3nc4ccccc4s3)cc12,1,SARS-CoV-2
CC(C)C[C@H](NC(=O)c1cc2c(O)cccc2[nH]1)C(=O)N[C@@H](C[C@@H]1CCNC1=O)C(=O)c1nc2ccccc2s1,1,SARS-CoV-2
CC(C)C[C@H](NC(=O)c1nc2ccccc2[nH]1)C(=O)N[C@@H](C[C@@H]1CCNC1=O)C(=O)c1nc2ccccc2s1,1,SARS-CoV-2
C=C(CC)C(=O)c1ccc(OCC(=O)NC(=O)OC(C)(C)C)c(Cl)c1Cl,1,SARS-CoV-2
C=C(CC)C(=O)c1ccc(OCC(=O)NC(=O)OC(C)(C)C(N)=O)c(Cl)c1Cl,1,SARS-CoV-2
CC1CCN(S(=O)(=O)c2ccc3c(c2)C(=O)C(=O)N3)CC1,1,SARS-CoV-2
CC1CCN(S(=O)(=O)c2ccc3c(c2)C(=O)C(=O)N3C)CC1,1,SARS-CoV-2
Cc1noc(C)c1CN1C(=O)C(=O)c2cc(C#N)ccc21,1,SARS-CoV-2
O=C1C(=O)N(Cc2cc3ccccc3s2)c2c1cccc2[N+](=O)[O-],1,SARS-CoV-2
O=C1C(=O)N(Cc2cc3ccccc3s2)c2c(Br)cccc21,1,SARS-CoV-2
O=C1C(=O)N(Cc2cc3ccccc3s2)c2ccc(F)cc21,1,SARS-CoV-2
C[C@H]1O[C@@H](Oc2c(-c3ccc(O)c(O)c3)oc3cc(O)cc(O)c3c2=O)[C@@H](O)[C@@H](O)[C@@H]1O,1,SARS-CoV-2
COc1cc(O)c2c(=O)cc(-c3ccc(OC)c(-c4c(O)cc(O)c5c(=O)cc(-c6ccc(O)cc6)oc45)c3)oc2c1,1,SARS-CoV-2
COc1ccc(-c2cc(=O)c3c(O)cc(O)c(-c4cc(-c5cc(=O)c6c(O)cc(OC)cc6o5)ccc4OC)c3o2)cc1,1,SARS-CoV-2
CC1=C(O)C(=O)C=C2C1=CC=C1[C@@]3(C)CC[C@@]4(C)CC[C@@](C)(C(=O)O)C[C@H]4[C@]3(C)CC[C@@]21C,1,SARS-CoV-2
COC(=O)[C@]1(C)CC[C@]2(C)CC[C@]3(C)C4=CC=C5C(=CC(=O)C(O)=C5C)[C@]4(C)CC[C@@]3(C)[C@@H]2C1,1,SARS-CoV-2
CC1=C(O)C(=O)C=C2C1=CC=C1[C@@]3(C)CC[C@@]4(C)CC(=O)[C@H](C)C[C@H]4[C@]3(C)CC[C@@]21C,1,SARS-CoV-2
CC1=CC[C@]2(C)CC[C@]3(C)C4=CC=C5C(=CC(=O)C(O)=C5C)[C@]4(C)CC[C@@]3(C)[C@@H]2C1,1,SARS-CoV-2
Cc1c(O)c(O)cc2c1CC=C1[C@@]3(C)CC[C@@]4(C)CC[C@@](C)(C(=O)O)C[C@H]4[C@]3(C)CC[C@]12C,1,SARS-CoV-2
Cc1cc(S(=O)(=O)c2c([N+](=O)[O-])cc(C(F)(F)F)cc2[N+](=O)[O-])c(Cl)cc1Cl,1,SARS-CoV-2
O=C(Oc1ccc(S(=O)(=O)c2ccc(OC(=O)C(Cl)=C(Cl)Cl)cc2)cc1)C(Cl)=C(Cl)Cl,1,SARS-CoV-2
Cc1noc(NC(=O)c2ccc(-c3cc(C(F)(F)F)nn3C)s2)c1[N+](=O)[O-],1,SARS-CoV-2
O=C(Sc1nnc(C(F)(F)F)[nH]1)c1ccc(C#Cc2ccccc2)o1,1,SARS-CoV-2
O=C(Oc1cncc(Cl)c1)c1cccs1,1,SARS-CoV-2
O=C(Oc1cncc(Br)c1)c1ccco1,1,SARS-CoV-2
O=C(Oc1cncc(Cl)c1)c1cc2ccccc2[nH]1,1,SARS-CoV-2
O=C(Oc1cncc(Cl)c1)c1ccc(-c2ccc(Cl)cc2)o1,1,SARS-CoV-2
O=C(Oc1cncc(Cl)c1)c1ccc(-c2ccc([N+](=O)[O-])cc2)o1,1,SARS-CoV-2
O=C(Oc1cncc(Cl)c1)c1ccc2[nH]ccc2c1,1,SARS-CoV-2
CC(=O)n1ccc2cc(C(=O)Oc3cncc(Cl)c3)ccc21,1,SARS-CoV-2
Cc1ccc(S(=O)(=O)n2ccc3cc(C(=O)Oc4cncc(Cl)c4)ccc32)cc1,1,SARS-CoV-2
O=C(Oc1cncc(Cl)c1)c1ccc2c(ccn2S(=O)(=O)c2cccc([N+](=O)[O-])c2)c1,1,SARS-CoV-2
O=C(Oc1cncc(Cl)c1)c1ccc2cc[nH]c2c1,1,SARS-CoV-2
O=C(Oc1cncc(Cl)c1)c1cccc2cc[nH]c12,1,SARS-CoV-2
O=C(Oc1cncc(Cl)c1)c1cccc2[nH]ccc12,1,SARS-CoV-2
O=C(Cc1cncc(Br)c1)c1ccc(-c2ccc(Cl)cc2)o1,1,SARS-CoV-2
O=C(c1ccc(-c2ccc(Cl)cc2)o1)C(F)c1cncc(Br)c1,1,SARS-CoV-2
O=C(c1ccc(-c2ccc(Cl)cc2)o1)C(F)(F)c1cncc(Br)c1,1,SARS-CoV-2
CC(C)(C)NC(=O)C(c1cccnc1)N(C(=O)c1ccco1)c1ccc(C(C)(C)C)cc1,1,SARS-CoV-2
CC(C)(C)NC(=O)[C@@H](c1cccnc1)N(C(=O)c1ccco1)c1ccc(C(C)(C)C)cc1,1,SARS-CoV-2
CC[C@H](C)c1ccc(N(C(=O)c2ccco2)[C@@H](C(=O)NC2CCCC2)c2cccnc2)cc1,1,SARS-CoV-2
CC(C)(C)NC(=O)C(c1cccnc1)N(C(=O)c1ccc(Cl)o1)c1ccc(C(C)(C)C)cc1,1,SARS-CoV-2
CCC(C)(C)NC(=O)C(c1ccn(C)c1)N(C(=O)Cn1nnc2ccccc21)c1ccc(NC(C)=O)cc1,1,SARS-CoV-2
CCC(C)(C)NC(=O)C(c1ccn(C)c1)N(C(=O)Cn1cc(-c2ccccc2)nn1)c1ccc(NC(C)=O)cc1,1,SARS-CoV-2
CCC(=O)Nc1ccc(N(C(=O)Cn2nnc3ccccc32)C(C(=O)NC(C)(C)CC)c2ccn(C)c2)cc1,1,SARS-CoV-2
CCC(C)(C)NC(=O)C(c1ccn(C)c1)N(C(=O)Cn1nnc2ccccc21)c1ccc(NC(=O)C(C)C)cc1,1,SARS-CoV-2
CCC(C)(C)NC(=O)C(c1ccn(C)c1)N(C(=O)Cn1nnc2ccccc21)c1ccc(NC(=O)C2CC2)cc1,1,SARS-CoV-2
CCC(C)(C)NC(=O)C(c1ccn(C)c1)N(C(=O)Cn1nnc2ccccc21)c1ccc(NC(=O)C2CCC2)cc1,1,SARS-CoV-2
CCC(=O)Nc1ccc(N(Cc2ccn(C)c2)C(=O)Cn2nnc3ccccc32)cc1,1,SARS-CoV-2
CC(C)C(=O)Nc1ccc(N(Cc2ccn(C)c2)C(=O)Cn2nnc3ccccc32)cc1,1,SARS-CoV-2
Cn1ccc(CN(C(=O)Cn2nnc3ccccc32)c2ccc(NC(=O)C3CC3)cc2)c1,1,SARS-CoV-2
Cn1ccc(CN(C(=O)Cn2nnc3ccccc32)c2ccc(NC(=O)C3CCC3)cc2)c1,1,SARS-CoV-2
Cn1ccc(CN(C(=O)Cn2nnc3ccccc32)c2ccc(-c3ccccc3)cc2)c1,1,SARS-CoV-2
O=C(/C=C/c1ccccc1)N[C@H](COC(=O)c1ccccc1)C(=O)NC1CCCCC1,1,SARS-CoV-2
O=C[C@H](C[C@@H]1CCNC1=O)NC(=O)[C@H](Cc1ccccc1)NC(=O)/C=C/c1ccc(Cl)cc1F,1,SARS-CoV-2
O=c1c(O)c(-c2ccc3c(c2)OCO3)oc2cc(OCc3cccc(Cl)c3)cc(O)c12,1,SARS-CoV-2
N#Cc1cccc(COc2cc(O)c3c(=O)c(O)c(-c4ccc5c(c4)OCO5)oc3c2)c1,1,SARS-CoV-2
O=C(O)/C(O)=C/C(=O)c1cccc(OCc2ccc(Cl)cc2)c1,1,SARS-CoV-2
COc1cc(/C=N/NC(=O)/C(=C\c2ccccc2)NC(=O)c2ccccc2)cc(OC)c1O,1,SARS-CoV-2
O=C(O)/C(O)=C/C(=O)c1cccc(NCc2ccc(Cl)cc2)c1,1,SARS-CoV-2
O=C(CSc1ncnc2c1sc1nc(N3CCOCC3)c3c(c12)CCCC3)NCc1ccco1,1,SARS-CoV-2
O=C(O)/C(O)=C/C(=O)c1cccc(NCc2ccccc2)c1,1,SARS-CoV-2
O=c1c(O)c(-c2ccc3c(c2)OCO3)oc2cc(OCc3ccc(Cl)cc3)cc(O)c12,1,SARS-CoV-2
O=C(O)/C(O)=C/C(=O)c1ccccc1OCc1ccc(Cl)cc1,1,SARS-CoV-2
O=C(O)/C(O)=C/C(=O)c1ccc(OCc2ccccc2)cc1,1,SARS-CoV-2
O=c1c(O)c(-c2ccc(O)c(O)c2)oc2cc(OCc3ccc(Cl)cc3)cc(O)c12,1,SARS-CoV-2
N#Cc1cccc(COc2cc(O)c3c(=O)c(O)c(-c4ccc(O)c(O)c4)oc3c2)c1,1,SARS-CoV-2
O=c1c(O)c(-c2ccc(O)c(O)c2)oc2cc(OCc3cccc(Cl)c3)cc(O)c12,1,SARS-CoV-2
Nc1nc(CSc2nnc(-c3cccc4ccccc34)n2-c2ccccc2)cs1,1,SARS-CoV-2
COc1ccc(N2N=C(c3ccccc3)/C(=C/c3ccc(-c4ccccc4C(=O)O)o3)C2=O)cc1,1,SARS-CoV-2
O=C(O)c1cccc(N2N=C(c3ccccc3)/C(=C/c3ccc(OCc4ccccc4)cc3)C2=O)c1,1,SARS-CoV-2
CC(C)(C)c1ccc(N2N=C(c3ccccc3)/C(=C/c3ccc(-c4cc(Cl)ccc4C(=O)O)o3)C2=O)cc1,1,SARS-CoV-2
O=C(O)c1cccc(N2N=C(c3ccccc3)/C(=C/c3ccc(-c4ccccc4)cc3)C2=O)c1,1,SARS-CoV-2
O=C(O)c1cccc(N2N=C(c3ccccc3)/C(=C/c3ccc(-c4ccccc4)o3)C2=O)c1,1,SARS-CoV-2
CC(C)(C)c1ccc(N2N=C(c3ccccc3)/C(=C/c3ccc(-c4ccccc4C(=O)O)o3)C2=O)cc1,1,SARS-CoV-2
O=C(O)c1ccc(Cl)cc1-c1ccc(/C=C2\C(=O)N(c3ccc(F)cc3)N=C2c2ccccc2)o1,1,SARS-CoV-2
N#Cc1ccc(N2N=C(c3ccccc3)/C(=C/c3ccc(-c4ccccc4C(=O)O)o3)C2=O)cc1,1,SARS-CoV-2
O=C(O)c1ccc(Cl)cc1-c1ccc(/C=C2\C(=O)N(c3ccccc3)N=C2c2ccccc2)o1,1,SARS-CoV-2
COc1cc(C2C(C(=O)c3ccc(OCC(C)C)cc3C)=C(O)C(=O)N2CCN(C)C)ccc1O,1,SARS-CoV-2
O=C(O)c1ccccc1-c1ccc(/C=C2\C(=O)N(c3ccc(F)cc3)N=C2c2ccccc2)o1,1,SARS-CoV-2
CC(C)c1ccc(N2N=C(c3ccccc3)/C(=C/c3ccc(-c4ccccc4C(=O)O)o3)C2=O)cc1,1,SARS-CoV-2
O=C(O)c1cccc(N2N=C(c3ccccc3)/C(=C/c3ccc(-c4cc(Cl)ccc4C(=O)O)o3)C2=O)c1,1,SARS-CoV-2
CC(C)c1ccc(N2N=C(c3ccccc3)/C(=C/c3ccc(-c4cc(Cl)ccc4C(=O)O)o3)C2=O)cc1,1,SARS-CoV-2
O=C(O)c1ccccc1-c1ccc(/C=C2\C(=O)N(c3ccccc3)N=C2c2ccccc2)o1,1,SARS-CoV-2
O=C(/C=C/c1ccccc1)N[C@@H](Cc1ccccc1)C(=O)N[C@@H](C[C@@H]1CCNC1=O)C(=O)C(=O)NCc1ccccc1,1,SARS-CoV-2
CCCC[C@H](NC(=O)/C=C/c1ccccc1)C(=O)N[C@@H](C[C@@H]1CCNC1=O)C(=O)C(=O)NCc1ccccc1,1,SARS-CoV-2
C#CC[C@H](NC(=O)/C=C/c1ccccc1)C(=O)N[C@@H](C[C@@H]1CCNC1=O)C(=O)C(=O)NCc1ccccc1,1,SARS-CoV-2
O=C(/C=C/c1ccccc1)N[C@H](C(=O)N[C@@H](C[C@@H]1CCNC1=O)C(=O)C(=O)NCc1ccccc1)C1CC1,1,SARS-CoV-2
O=C(/C=C/c1ccccc1)N[C@@H](CC1CCCCC1)C(=O)N[C@@H](C[C@@H]1CCNC1=O)C(=O)C(=O)NCc1ccccc1,1,SARS-CoV-2
O=C(/C=C/c1ccccc1)N[C@@H](CC1CC1)C(=O)N[C@@H](C[C@@H]1CCNC1=O)C(=O)C(=O)NCc1ccccc1,1,SARS-CoV-2
O=C(/C=C/c1ccccc1)N[C@@H](CC1CCC1)C(=O)N[C@@H](C[C@@H]1CCNC1=O)C(=O)C(=O)NCc1ccccc1,1,SARS-CoV-2
O=C(/C=C/c1ccccc1)N[C@@H](CC1CCCC1)C(=O)N[C@@H](C[C@@H]1CCNC1=O)C(=O)C(=O)NCc1ccccc1,1,SARS-CoV-2
CC(C)C[C@H](NC(=O)/C=C/c1ccccc1)C(=O)N[C@@H](C[C@@H]1CCNC1=O)C(=O)C(=O)NCc1ccccc1,1,SARS-CoV-2
Cn1c(CNc2ccc(C(=N)N)cc2)nc2cc(C(=O)N(CCC(=O)O)c3ccccn3)ccc21,1,SARS-CoV-2
O=C(NC[C@H]1CN(c2ccc(N3CCOCC3=O)cc2)C(=O)O1)c1ccc(Cl)s1,1,SARS-CoV-2
N[C@@H](CC(=O)N1CCn2c(nnc2C(F)(F)F)C1)Cc1cc(F)c(F)cc1F,1,SARS-CoV-2
CC(C)(C)NC(=O)[C@@H]1CC2CCCCC2CN1C[C@@H](O)[C@H](Cc1ccccc1)NC(=O)[C@H](CC(N)=O)NC(=O)c1ccc2ccccc2n1,1,SARS-CoV-2
CC(C)(C)NC(=O)[C@@H]1CN(Cc2cccnc2)CCN1C[C@@H](O)C[C@@H](Cc1ccccc1)C(=O)N[C@H]1c2ccccc2C[C@H]1O,1,SARS-CoV-2
CC(C)CN(C[C@@H](O)[C@H](Cc1ccccc1)NC(=O)O[C@H]1CCOC1)S(=O)(=O)c1ccc(N)cc1,1,SARS-CoV-2
Cc1cccc(C)c1OCC(=O)N[C@@H](Cc1ccccc1)[C@@H](O)C[C@H](Cc1ccccc1)NC(=O)[C@H](C(C)C)N1CCCNC1=O,1,SARS-CoV-2
CC(C)CN(C[C@@H](O)[C@H](Cc1ccccc1)NC(=O)O[C@H]1CO[C@H]2OCC[C@@H]12)S(=O)(=O)c1ccc(N)cc1,1,SARS-CoV-2
CCC[C@@]1(CCc2ccccc2)CC(=O)C([C@H](CC)c2cccc(NS(=O)(=O)c3ccc(C(F)(F)F)cn3)c2)=C(O)O1,1,SARS-CoV-2
CCC[C@H](NC(=O)[C@@H]1[C@H]2CCC[C@H]2CN1C(=O)[C@@H](NC(=O)[C@@H](NC(=O)c1cnccn1)C1CCCCC1)C(C)(C)C)C(=O)C(=O)NC1CC1,1,SARS-CoV-2
CC(C)(C)NC(=O)N[C@H](C(=O)N1C[C@H]2[C@@H]([C@H]1C(=O)NC(CC1CCC1)C(=O)C(N)=O)C2(C)C)C(C)(C)C,1,SARS-CoV-2
O=C[C@H](C[C@@H]1CCNC1=O)NC(=O)[C@H](CC1CCCCC1)NC(=O)OCc1cccc(Cl)c1,1,SARS-CoV-2
O=C[C@H](C[C@@H]1CCNC1=O)NC(=O)[C@H](CC1CCCCC1)NC(=O)OCc1ccccc1,1,SARS-CoV-2
CC(C)C[C@H](NC(=O)OCc1ccccc1)C(=O)N[C@H](C=O)C[C@@H]1CCNC1=O,1,SARS-CoV-2
Fc1ccccc1-c1nc2ccn(Cc3ccc(-c4ccc(C(F)(F)F)cc4C(F)(F)F)nn3)cc-2n1,1,SARS-CoV-2
Cc1c(O)cccc1C(=O)NC(CSc1ccccc1)C(O)CN1CC2CCCCC2CC1C(=O)NC(C)(C)C,1,SARS-CoV-2
O=C(NCc1c(F)cc(F)cc1F)c1cn2c(c(O)c1=O)C(=O)N1C3CCC(C3)OC1C2,1,SARS-CoV-2
Cc1oc(=O)oc1CN1CCN(c2cc3c(cc2F)c(=O)c(C(=O)O)c2n3C(C)S2)CC1,1,SARS-CoV-2
CCOCCCNCC(=O)Nc1ccc(OC(F)(F)F)cc1,0,SARS-CoV
COCCn1nnnc1CN1CCC(Cc2ccccc2)CC1,0,SARS-CoV
COCCn1nnnc1CN1CCC(O)(c2cccc(C(F)(F)F)c2)CC1,0,SARS-CoV
O=C(CN1CCCCCC1)NCCc1ccc(F)cc1,0,SARS-CoV
COc1ccc(C(=O)C(c2ccccc2)N2CCOCC2)cc1,0,SARS-CoV
CCOC(=O)CCNCC1COc2ccccc2O1,0,SARS-CoV
CCOC(=O)N1CCN(CCC(=O)Nc2cccc(Br)c2)CC1,0,SARS-CoV
CC(=O)OC1(c2ccccc2)CCN(C)C2CCCCC21,0,SARS-CoV
CCCCOCC(O)CN1CCN(C(C)=O)CC1,0,SARS-CoV
CC(C(=O)NCC1(c2ccccc2)CCCC1)N1CCCC1,0,SARS-CoV
c1coc(CNc2nc(N3CCCCC3)nc3ccccc23)c1,0,SARS-CoV
O=C(Nc1nc2n(n1)C(c1ccccc1)C=C(c1ccccc1)N2)c1ccco1,0,SARS-CoV
COc1cccc(-c2cnc(NCc3cc(Cl)ccc3O)n2C)c1,0,SARS-CoV
CCOC(=O)N1CCC(NCCNC(=O)c2ccccc2Cl)CC1,0,SARS-CoV
CCOc1ccccc1N(C(=O)CNC(=O)c1ccco1)C(C(=O)NC(C)(C)C)c1ccncc1,0,SARS-CoV
COc1cccc(N=C2SC(C(=O)Nc3ccccc3F)CC(=O)N2C)c1,0,SARS-CoV
Cc1ccc2nc(N3CCN(Cc4nnnn4Cc4ccccc4)CC3)c(C#N)cc2c1,0,SARS-CoV
CC1(C)NC(=O)N(CC(O)COC2CCCCC2)C1=O,0,SARS-CoV
COc1ccc(C(=O)Nc2nnc(C(F)(F)F)s2)cc1,0,SARS-CoV
CCOc1ccc(-c2nnn(CC(=O)c3cc(OC)ccc3OC)n2)cc1,0,SARS-CoV
COc1ccc2[nH]c3nc(SCc4nnc(-c5ccc(C)cc5)o4)nnc3c2c1,0,SARS-CoV
CC(C)CCn1nnnc1C(c1ccccc1)N1CCN(C)CC1,0,SARS-CoV
Cc1ccc(C)c(NC(=O)CSc2nnc(CSc3nc(C)cc(C)n3)n2Cc2ccco2)c1,0,SARS-CoV
CC(C)Nc1nc(C#N)nc(NC(C)C)n1,0,SARS-CoV
O=C(CSc1nnnn1-c1ccc2c(c1)OCCO2)Nc1nc2c(s1)CCCC2,0,SARS-CoV
CC1Cn2c(nc3c2c(=O)[nH]c(=O)n3C)O1,0,SARS-CoV
COc1cc2cc(C(c3nnnn3C3CCCCC3)N(C)C3CCCCC3)c(=O)[nH]c2cc1OC,0,SARS-CoV
COc1ccccc1-c1ccc(Nc2cccc(C(C)=O)c2)nn1,0,SARS-CoV
CCOc1ccccc1C1CC(=O)Nc2cc3c(cc21)OCCO3,0,SARS-CoV
O=C(CS(=O)CC(=O)N(CC(=O)NC1CCCC1)C1CCCC1)Nc1ccc(F)cc1,0,SARS-CoV
O=C(NCC1CC1)C1CCCN(S(=O)(=O)c2ccc(-n3cnnn3)cc2)C1,0,SARS-CoV
COc1ccc(OCC(=O)Nc2cccc3cccnc23)cc1,0,SARS-CoV
Cc1ccccc1NC(=O)C1CCCN1C(=O)NC1CCCCC1,0,SARS-CoV
COc1cc(C2Nc3ccccc3C(=O)N2c2ccccc2OC)ccc1O,0,SARS-CoV
CN1C=CC2=C(C#N)C(N)C(C#N)(C#N)C(c3ccccc3)C2C1,0,SARS-CoV
N#Cc1cc2c(=O)n3ccccc3nc2n(Cc2cccnc2)c1=N,0,SARS-CoV
Cc1nc2ncnn2c(N2CCN(C(=O)Cc3cccs3)CC2)c1C,0,SARS-CoV
Cc1ccc(C2CC(C(F)(F)F)n3nc(C(=O)NCc4c(C)nn(C)c4C)c(Cl)c3N2)cc1,0,SARS-CoV
CCOc1ccc(NC(=O)CSc2nc3cccnc3n2CCOC)cc1,0,SARS-CoV
COc1cccc(C(=O)Nc2ccc(S(=O)(=O)NCc3ccco3)cc2)c1,0,SARS-CoV
O=C(CSc1nc2ccccc2o1)NCc1n[nH]c(=O)c2ccccc12,0,SARS-CoV
O=C(Cn1nnc(-c2cccs2)n1)OC1CCCCC1,0,SARS-CoV
CC(=O)OCN(C#N)c1nc(N(C)C)nc(N(C)C)n1,0,SARS-CoV
O=C(CSc1nnnn1-c1cccc2c1CCCC2)N1CCOCC1,0,SARS-CoV
CC(Oc1ccc(Cl)cc1Cl)C(=O)NCCCn1ccnc1,0,SARS-CoV
COc1ccc(C2(O)CCN(Cc3nnnn3Cc3ccc(C)cc3)CC2)cc1,0,SARS-CoV
Cc1ccc(C(c2nnnn2C(C)(C)C)N(Cc2ccco2)Cc2cccs2)cc1,0,SARS-CoV
COCCCNC(=O)c1cn(Cc2c(F)cccc2Cl)nn1,0,SARS-CoV
CCCc1cc(=O)oc2cc(OCC(=O)N(C)C)c(Cl)cc12,0,SARS-CoV
O=C(CSc1n[nH]c(-c2ccc(S(=O)(=O)NC3CCCCC3)cc2)n1)N1CCCC1,0,SARS-CoV
O=C(Cn1c(=O)sc2ccccc21)Nc1ccc2c(c1)OCCO2,0,SARS-CoV
CN(C)c1nc(NCc2ccccc2)nc(Oc2ccc(=O)[nH]n2)n1,0,SARS-CoV
CCn1c(=O)c(C(=O)Nc2cccnc2)c(O)c2ccccc21,0,SARS-CoV
O=C(CN1C(=O)CC(c2ccccc2)=Nc2ccccc21)NCc1ccco1,0,SARS-CoV
CCCn1c(SCC(=O)Nc2ccccc2C(=O)OCC)nc2c1c(=O)n(C)c(=O)n2C,0,SARS-CoV
CC12COC3(C(=O)Nc4cccnc4)CC1CCC32C,0,SARS-CoV
O=C(N1CCC(O)(c2cccnc2)CC1)C12CC3CC(CC(C3)C1)C2,0,SARS-CoV
Cc1ccccc1-c1nc2cc(N)ccc2o1,0,SARS-CoV
O=C(CSc1nc2ccccc2c(=O)n1-c1ccccc1)NCc1ccco1,0,SARS-CoV
O=C(O)c1ccc2noc(-c3ccccc3)c2c1,0,SARS-CoV
CCOC(=O)C1=C(N)OC2=C(C(=O)CC(C)(C)C2)C1c1ccoc1,0,SARS-CoV
O=C(CSc1nnnn1C1CCCCC1)NCCc1ccccc1,0,SARS-CoV
Cc1nn(-c2ccccc2)c2sc(C(=O)N(CC(=O)NC(C)(C)C)Cc3ccco3)cc12,0,SARS-CoV
O=S(=O)(Nc1cccc2cccnc12)c1ccc(S(=O)(=O)N2CCCC2)cc1,0,SARS-CoV
O=C(NC12CC3CC(CC(C3)C1)C2)c1cc2nc(-c3ccco3)cc(C(F)(F)F)n2n1,0,SARS-CoV
O=C(NCCSc1ccccc1)c1ccco1,0,SARS-CoV
O=C(O)c1ccc(-c2ccccc2)[nH]1,0,SARS-CoV
Cc1cc2nnc(SCc3ccccc3)n2c(N)n1,0,SARS-CoV
COCC(=O)N(CCc1ccc(OC)cc1)Cc1nc2ccccc2c(=O)[nH]1,0,SARS-CoV
COc1ccc(-c2ccc(SCC(=O)NCc3ccco3)nn2)cc1,0,SARS-CoV
O=C(O)CCn1ccnc1-c1ccccc1,0,SARS-CoV
O=C(O)C1(c2cccc(Cl)c2)CCC1,0,SARS-CoV
Cc1nc2sc3c(c2c2nnc(SCC(=O)NCc4ccco4)n12)CCCC3,0,SARS-CoV
O=C(NCC(=O)N(c1cccnc1)C(C(=O)NC1CCCCC1)c1cccnc1)c1ccco1,0,SARS-CoV
Cc1cccc2cc(CN(Cc3nnnn3Cc3ccccc3)C3CCCC3)c(=O)[nH]c12,0,SARS-CoV
COc1ccccc1Nc1nc(N)nc(CSc2nncn2C)n1,0,SARS-CoV
CCOC(=O)CSc1nc(C2CC2)nc2ccccc12,0,SARS-CoV
COc1ccc(NC(=O)c2cccc(-n3cnnn3)c2)cc1,0,SARS-CoV
Cc1cccc(OCc2nnc(SCC(=O)c3ccccc3)o2)c1,0,SARS-CoV
O=C(OCc1nc(-c2ccccc2)oc1COC(=O)c1ccco1)c1ccco1,0,SARS-CoV
COc1ccc(OC)c(NC(=O)c2ccc(S(=O)(=O)N3CCN(C)CC3)cc2)c1,0,SARS-CoV
CCOc1cc(C(=O)CSc2nnc(CNc3ccc(Cl)cc3)o2)ccc1NC(=O)CC,0,SARS-CoV
COC(=O)CSc1nc2ccc(NC(C)=O)cc2s1,0,SARS-CoV
CCOCCN1CCN(c2c3c(nc4cc(-c5ccc(F)cc5)nn24)CCC3)CC1,0,SARS-CoV
CCCCn1c(=O)c(C(=O)Nc2cnccn2)c(O)c2ccccc21,0,SARS-CoV
COc1cccc(NC(=O)CSc2nncn2-c2ccccn2)c1,0,SARS-CoV
COc1ccc2[nH]c3ccc(OC)cc3c2c1,0,SARS-CoV
CCN(CC)S(=O)(=O)c1cccc(C(=O)Oc2cccnc2)c1,0,SARS-CoV
N#Cc1c(-c2ccco2)cc(-c2ccc(F)cc2)nc1N,0,SARS-CoV
c1ccc(Cn2nnnc2C(c2ccccc2)N2CCN(c3nc4ccccc4s3)CC2)cc1,0,SARS-CoV
CCc1oc(C(=O)O)cc1COC,0,SARS-CoV
CCOC(=O)c1cccc(NC(=O)CSc2nnc(CNc3ccc(C)cc3)n2CC)c1,0,SARS-CoV
CC1=C(C(=O)OCCOC(C)C)C(c2cc3c(cc2Br)OCO3)C2=C(CCCC2=O)N1,0,SARS-CoV
CC(C)COC(=O)c1nnsc1NC(=O)Nc1ccccc1,0,SARS-CoV
CCC(Sc1nc2ccccc2[nH]1)C(=O)Nc1cc(C)on1,0,SARS-CoV
Cc1ccc2c(c1)nnn2C1CCN(CC(=O)c2ccc(Cl)cc2)CC1,0,SARS-CoV
Cc1cnc(C(=O)Nc2ccc(N3CCN(C(=O)OC(C)(C)C)CC3)cc2)cn1,0,SARS-CoV
O=C(CSc1nnc(-c2ccccc2F)o1)OCc1ccccc1,0,SARS-CoV
O=C1c2ccccc2C(=O)N1Cc1nc2ccccc2o1,0,SARS-CoV
CCc1nnc(NC(=O)CSc2nc3cccnc3n2C2CCCCC2)s1,0,SARS-CoV
CC(=O)c1cccc(S(=O)(=O)N2CCN(c3nc4cc(C)cc(C)c4cc3C#N)CC2)c1,0,SARS-CoV
O=C(CN(C(=O)c1cc2c(s1)CCC2)C1CCCC1)NCc1cccs1,0,SARS-CoV
CC1CCCN(c2ccc(C(=O)NCC3CCCO3)cn2)C1,0,SARS-CoV
CN(C1CCCCC1)S(=O)(=O)c1ccc(-n2cnnn2)cc1,0,SARS-CoV
NC(=O)CSc1nnc(-c2ccc(S(=O)(=O)N3CCOCC3)cc2)n1CC1CCCO1,0,SARS-CoV
CC(C)(C)NC(=O)CN(C(=O)C1CSC(=O)C1)c1ccc2c(c1)OCCO2,0,SARS-CoV
Cc1nc(N2CCCC2)c2nnn(Cc3ccccc3Cl)c2n1,0,SARS-CoV
O=C1C(Cl)=C(Nc2ccccc2O)C(=O)N1c1ccccc1,0,SARS-CoV
CCOc1ccc(-c2nnn(CC(=O)NCc3ccc(OC)cc3)n2)cc1OCC,0,SARS-CoV
Cc1cccc2cc(CN(CC3CCCO3)C(=O)c3ccco3)c(=O)[nH]c12,0,SARS-CoV
Cc1ccc(CN(C(=O)c2c(F)cccc2F)C2CC(C)(C)NC(C)(C)C2)o1,0,SARS-CoV
O=C(CN1CCN(C(c2ccccc2)c2ccccc2)CC1)N1CCOCC1,0,SARS-CoV
NC(CC(=O)OC1CCCCC1)C(=O)OC1CCCCC1,0,SARS-CoV
COc1cccc(OC)c1C(=O)N1CCN(Cc2ccccc2C(F)(F)F)CC1,0,SARS-CoV
CC1CCC(N2CCN(S(C)(=O)=O)CC2)CC1,0,SARS-CoV
CCCC(=O)Nc1ccc(N2CCN(CC)CC2)c(Cl)c1,0,SARS-CoV
Cc1cc(C)nc(SCc2nnc(SCC(=O)Nc3ccc(Cl)c(C(F)(F)F)c3)o2)n1,0,SARS-CoV
CCn1c(SCC(=O)N2CCCC2)nc2ccccc2c1=O,0,SARS-CoV
CCc1ccccc1NC(=O)Cn1nnc(-c2cccnc2)n1,0,SARS-CoV
Cc1cc(-c2ccccc2)nc(=O)[nH]1,0,SARS-CoV
O=C(COc1ccc(Cl)cc1Cl)NCc1ccco1,0,SARS-CoV
CC(C)C(=O)Nc1ccc(NC(=O)c2cccc(F)c2)cn1,0,SARS-CoV
COc1ccc(C(C(=O)NC2CCCCC2)N(CC2CCCO2)C(=O)CNC(=O)c2ccco2)cc1,0,SARS-CoV
COc1ccc(CNC(=O)C(c2cccs2)N(C(=O)c2csnn2)C2CC2)cc1,0,SARS-CoV
O=c1oc2cc(Br)ccc2n1CSC1=NCCS1,0,SARS-CoV
O=C(Nc1ccc(F)cc1)NC1CCN(Cc2nnnn2Cc2ccc3c(c2)OCO3)CC1,0,SARS-CoV
COC(=O)C(C)Sc1nc2c(c(=O)[nH]c(=O)n2C)n1CCC(C)C,0,SARS-CoV
O=c1[nH]c2cc3c(cc2cc1CN(CCCO)Cc1nnnn1Cc1ccc(F)cc1)OCO3,0,SARS-CoV
COc1ccc(NS(=O)(=O)c2cccc3cccnc23)cc1,0,SARS-CoV
CCSC1=C(C#N)C(c2cccc(OC)c2)CC(=O)N1,0,SARS-CoV
O=C(NC1CCCCCC1)c1nc2ncccn2n1,0,SARS-CoV
CCCCCn1c(N2CCC(C(N)=O)CC2)nc2c1c(=O)[nH]c(=O)n2C,0,SARS-CoV
COc1cccc(-n2c(COc3ccc(C)cc3)nnc2SCC(N)=O)c1,0,SARS-CoV
Fc1ccc(CSc2nnc(-c3cccs3)o2)cc1,0,SARS-CoV
CCOC(=O)c1c(CN2CCOCC2)oc2ccc(OC)cc12,0,SARS-CoV
COCc1cc(=O)n2c([nH]c3ccccc32)c1C#N,0,SARS-CoV
CCOC(=O)c1ccccc1NC(=O)c1c(O)c2ccccc2n(CC)c1=O,0,SARS-CoV
Cc1nnc(NC(=O)CSc2nnc(CCc3nc4ccccc4[nH]3)n2C)s1,0,SARS-CoV
c1ccc(-c2nnc(CSc3nnc(-c4ccncc4)n3Cc3ccco3)o2)cc1,0,SARS-CoV
COCCCn1c(SCC(=O)OC2CCCCC2)nnc1-c1cccs1,0,SARS-CoV
COc1cc(NC(=O)C2CCCCC2)c(OC)cc1NC(=O)CN1CCCCC1,0,SARS-CoV
C=CCNc1nc(NCCN2CCOCC2)nc(OC)n1,0,SARS-CoV
CCn1c(CSc2nc(C)cc(C)n2)nnc1SCC(=O)Nc1ccccc1,0,SARS-CoV
O=c1sc2ccccc2n1CCOc1ccccc1,0,SARS-CoV
CC(=O)Nc1ccc2oc(-c3ccccc3Br)nc2c1,0,SARS-CoV
COC(=O)c1ccc(NC(=O)CSc2nnc(CNc3ccc(OC)cc3)n2C)cc1,0,SARS-CoV
O=C(NCc1ccccn1)c1cn(CCc2ccccc2)nn1,0,SARS-CoV
CCOC(=O)Cn1c(N2CCCCCC2)nc2c1c(=O)[nH]c(=O)n2C,0,SARS-CoV
Cc1cccc(C)c1NC(=O)N1CCC(c2nc3ccccc3o2)CC1,0,SARS-CoV
COc1ccc2cc(C(c3nnnn3C3CCCC3)N3CCc4ccccc4C3)c(=O)[nH]c2c1,0,SARS-CoV
CC1=C(C(=O)OCc2ccccc2)C(c2ccoc2)C(C#N)=C(N)O1,0,SARS-CoV
Fc1ccc2nc(-c3ccccc3)nc(SCc3nnc(-c4ccccc4)o3)c2c1,0,SARS-CoV
COCCN(C(=O)COc1ccccc1)c1nnc(-c2cccnc2)s1,0,SARS-CoV
Cc1cc2n(n1)C(c1ccsc1)Nc1ccccc1-2,0,SARS-CoV
CNC(=O)c1cc2c(=O)n3cc(C)ccc3nc2n(C(C)C)c1=N,0,SARS-CoV
C=CCn1c(SCC(=O)OCc2ccccc2)nc2c1c(=O)n(C)c(=O)n2C,0,SARS-CoV
Cc1ccc(Cl)cc1NC(=O)CSc1nnc(C)n1-c1ccccc1,0,SARS-CoV
COCCN1C(=O)C(O)=C(C(C)=O)C1c1ccc(F)cc1,0,SARS-CoV
Cc1ccc2[nH]c(=O)c(CN(Cc3ccc4c(c3)OCO4)Cc3nnnn3Cc3ccco3)cc2c1,0,SARS-CoV
O=C(Nc1ccccc1C(=O)NCc1cccnc1)c1ccco1,0,SARS-CoV
Cc1nn(-c2ccccc2)c2[nH]c(=O)c(CNCCN3CCOCC3)cc12,0,SARS-CoV
CCc1nccn1S(=O)(=O)c1ccc(Br)cc1Br,0,SARS-CoV
COCCCn1c(SCC(=O)NC(C)C)nnc1-c1ccccc1,0,SARS-CoV
CCOC(=O)C1CCN(C(c2cc3ccc(C)cc3[nH]c2=O)c2nnnn2C2CCCCC2)CC1,0,SARS-CoV
CCn1c(COc2ccc(OC)cc2)nnc1SCC(=O)Nc1cc(OC)ccc1OC,0,SARS-CoV
COc1ccc(NC(=O)C2CC(=O)N(C)C(=Nc3ccc4c(c3)OCO4)S2)cc1,0,SARS-CoV
CC(C)OC(=O)CC(=O)c1sc2nc3c(cc2c1N)CN(C)CC3,0,SARS-CoV
CCc1ccc2oc(-c3cc(N)ccc3Cl)nc2c1,0,SARS-CoV
COCCSc1nnc(NC(=O)Cc2ccccc2OC)s1,0,SARS-CoV
CC(=O)Nc1cccc(NC(=O)CSc2nnnn2Cc2ccccc2)c1,0,SARS-CoV
O=C(Nc1nccs1)c1cc2sccc2n1Cc1ccc(F)cc1,0,SARS-CoV
O=C(C1CCC1)N1CCC(c2nc3c(nnn3Cc3c(F)cccc3Cl)c(=O)[nH]2)CC1,0,SARS-CoV
O=C(c1c(Cl)cccc1Cl)N1CCCCCC1,0,SARS-CoV
O=C(NCCC1=CCCCC1)c1ccc(CN2CCOCC2)cc1,0,SARS-CoV
CC(C)(C)NC(=O)CN(Cc1cccs1)C(=O)c1csnn1,0,SARS-CoV
Cc1ccc2cc(C#N)c(NCc3ccco3)nc2c1,0,SARS-CoV
COCCNC(=O)C(OC(=O)c1ccco1)c1ccccc1OC,0,SARS-CoV
COc1ccc(CCNC(=O)Cn2cnc3c(cnn3-c3ccccc3Cl)c2=O)cc1OC,0,SARS-CoV
CCOc1ccccc1NC(=O)N1CCC(NC(=O)c2ccccc2C)CC1,0,SARS-CoV
Cc1cccc2cc(C#N)c(N3CCCC3)nc12,0,SARS-CoV
COC(=O)c1ccc(-n2nnnc2SCC(=O)Nc2cc(OC)ccc2OC)cc1,0,SARS-CoV
Cc1ccc(N2C(=O)c3ccccc3C2=O)cc1Cl,0,SARS-CoV
CCN1CCN(C(=O)c2cnn3c(C(F)F)cc(-c4ccc(C)cc4)nc23)CC1,0,SARS-CoV
Cc1cc(NC(=O)CCC(=O)N(c2ccc(F)cc2)C2(C(=O)NC3CCCCC3)CCCC2)no1,0,SARS-CoV
CC(C)(C)c1ccc(Cn2nnc3c(=O)[nH]c(C4CCCN(C(=O)Cc5cccs5)C4)nc32)cc1,0,SARS-CoV
Cc1ccc(NC(=O)N2C(=O)C3(OCCO3)c3ccccc32)cc1,0,SARS-CoV
CCCn1c(O)c(CN2CCCCC2)c(C)c(C#N)c1=O,0,SARS-CoV
Cc1cccc(N(CC(=O)NCc2ccccc2)C(=O)Cn2nnc(-c3ccc(C)o3)n2)c1,0,SARS-CoV
C=CCN1C(=O)C2C(C(=O)NC3CCCCC3)C3C=CC2(O3)C1C(=O)NC1CCCC1,0,SARS-CoV
COc1ccc(OC)c(-c2nnc(-c3ccc(C)o3)o2)c1,0,SARS-CoV
Cc1nc(SCC(=O)N2CCN(C(=O)c3ccco3)CC2)c2c(C)c(C)sc2n1,0,SARS-CoV
CN1/C(=C/C(=O)C2CCC2)Sc2ccccc21,0,SARS-CoV
CCc1ccccc1NC(=O)N1C2CCCC1CC(NC(=O)C(C)(C)C)C2,0,SARS-CoV
CCN1C(=O)/C(=C2\SC(=S)N(CCCOC)C2=O)c2ccccc21,0,SARS-CoV
CCCC(=O)Nc1ccc(NC(=O)c2cccc(F)c2)cn1,0,SARS-CoV
CC(=O)Nc1ccc(S(=O)(=O)N2C3CCCC2CC(NC(=O)C2CCCCC2)C3)cc1,0,SARS-CoV
CCOC(=O)C1(CC)NC(c2cccc(F)c2)C2C(=O)N(CC)C(=O)C21,0,SARS-CoV
COc1ccc(S(=O)(=O)N2C3CCC2CC(NC(=O)Nc2ccccc2)C3)cc1,0,SARS-CoV
CC(Sc1nc2ccccc2o1)C(=O)O,0,SARS-CoV
CCC(=O)Nc1cnc(NC(=O)c2cccc(F)c2)cc1C,0,SARS-CoV
COC(=O)c1cc(-c2ccccc2)n[nH]1,0,SARS-CoV
Cc1cc2cc(CN(Cc3cccs3)Cc3nnnn3CC3CCCO3)c(=O)[nH]c2cc1C,0,SARS-CoV
Cc1sc2nc(SCC(=O)NCc3cccs3)[nH]c(=O)c2c1C,0,SARS-CoV
CC1Cc2ccccc2N1C(=O)CSc1ncccc1C(=O)O,0,SARS-CoV
O=C(Oc1ccccc1OC(=O)N1CCOCC1)N1CCOCC1,0,SARS-CoV
CC(=O)N1CCN(c2ccc(NCc3ccc(C)cc3)cc2)CC1,0,SARS-CoV
Cc1ccc(NC(=O)c2ccccc2F)nc1,0,SARS-CoV
O=C(CCn1c(=O)oc2ccccc21)Nc1ccccc1,0,SARS-CoV
CCN1CCN(CC(=O)Nc2cc(F)ccc2C)CC1,0,SARS-CoV
O=c1[nH]c(=O)n(CCO)c2nnn(Cc3ccccc3)c12,0,SARS-CoV
O=C(CCN1C(=O)C2(OCCO2)c2ccccc21)c1ccccc1,0,SARS-CoV
CCOC(=O)CNc1c(-c2ccc(O)cc2)nc2ccccn12,0,SARS-CoV
CCc1nc(C)cn1S(=O)(=O)c1cc(OC)c(C)cc1C,0,SARS-CoV
O=C(CSc1n[nH]c(-c2ccc(S(=O)(=O)N3CCCCC3)cc2)n1)Nc1nccs1,0,SARS-CoV
O=C(CCC1CCCC1)N1CCN(C(=O)c2cccnc2)CC1,0,SARS-CoV
N#CCOc1nc(N2CCOCC2)nc(N2CCOCC2)n1,0,SARS-CoV
COCCN(CC(=O)NCc1ccc(OC)cc1)C(=O)CCC(=O)Nc1nccs1,0,SARS-CoV
O=C(O)CCC(NS(=O)(=O)c1ccc(-c2ccccc2)cc1)C(=O)O,0,SARS-CoV
COC(=O)C1CCN(C(=O)c2cc(OC)c(OC)c(OC)c2)CC1,0,SARS-CoV
CCCc1nnc(SCC(=O)N2CCCC2)n1CC1CCCO1,0,SARS-CoV
CC(C)(C)n1nnnc1C(c1cccs1)N(Cc1ccccc1)Cc1cccnc1,0,SARS-CoV
CCC(Oc1ccccc1)C(=O)Nc1ccccn1,0,SARS-CoV
Nn1cnnc1SCC(=O)Nc1ccc2c(c1)OCCO2,0,SARS-CoV
Cc1cccc(-n2c(SCC(N)=O)nnc2-c2ccccn2)c1C,0,SARS-CoV
COCC(=O)N(Cc1nc2ccccc2c(=O)[nH]1)Cc1cccs1,0,SARS-CoV
O=C(CSc1nnc(COc2ccccc2)n1Cc1ccco1)NCc1ccco1,0,SARS-CoV
O=C(CN1C(=O)c2ccccc2S1(=O)=O)N1CCN(c2ccccc2F)CC1,0,SARS-CoV
Cc1ccc(C(C(=O)NC2CCCC2)N(Cc2ccc(F)cc2)C(=O)c2csnn2)o1,0,SARS-CoV
Cc1onc(-c2ccccc2Cl)c1C(=O)Nc1ccc(F)c(F)c1,0,SARS-CoV
CCC1CCCCN1C(=O)CSc1nnc(-c2c[nH]c3ccccc23)o1,0,SARS-CoV
COCCn1nnnc1C(c1ccccc1)N1CCN(Cc2ccc3c(c2)OCO3)CC1,0,SARS-CoV
CCc1ccccc1NC1=NCC(=O)N1Cc1ccc(OC)cc1,0,SARS-CoV
OC(COc1ccccc1)CN1C2=NCCCN2c2ccccc21,0,SARS-CoV
COc1cc(OC)cc(C(=O)N2CCN(Cc3cccc(F)c3)CC2)c1,0,SARS-CoV
O=C(c1cccs1)N1CCN(C2CCCCC2)CC1,0,SARS-CoV
O=C(NC12CC3CC(CC(C3)C1)C2)c1cncc(O)c1,0,SARS-CoV
COc1ccc(OCC(=O)N2CCN(Cc3c[nH]c4ccccc34)CC2)cc1,0,SARS-CoV
Cc1cccc(C)c1OCC(O)CN,0,SARS-CoV
COc1cc(CN2CCC(C(=O)N3CCN(c4ccccc4F)CC3)CC2)ccc1O,0,SARS-CoV
OCCN(Cc1ccccc1)Cc1cn[nH]c1-c1ccc(F)cc1,0,SARS-CoV
CCCc1[nH]nc2c1C(Cc1ccccc1)C(C#N)=C(N)O2,0,SARS-CoV
COc1cc(S(=O)(=O)N2CCN(C)CC2)ccc1Cl,0,SARS-CoV
COc1ccc2[nH]c(=O)c(CN(CCCN(C)C)C(=O)Nc3ccc(F)cc3)cc2c1,0,SARS-CoV
Nc1nnc(-c2cccs2)s1,0,SARS-CoV
O=c1cc(CSc2nnc(-c3ccco3)o2)c2ccccc2[nH]1,0,SARS-CoV
Cc1cc(C)n2nc(C(=O)N3CCOCC3)nc2n1,0,SARS-CoV
COc1cccc(-c2nnn(CC(=O)NC3CCCC3)n2)c1OC,0,SARS-CoV
CC1Oc2ccccc2N(Cc2ccccc2F)C1=O,0,SARS-CoV
O=C(CN1CCC(n2nnc3cc(F)ccc32)CC1)N1CCc2ccccc2C1,0,SARS-CoV
Cn1c(-c2cccc(Br)c2)cnc1NCc1cccnc1,0,SARS-CoV
COCCCNC(=O)c1ccc2c(c1)OCO2,0,SARS-CoV
CCc1ccc2[nH]c(=O)c(CN(CCN3CCCC3)C(=O)NC3CCCCC3)cc2c1,0,SARS-CoV
Cc1ccc(S(=O)(=O)Cn2nnnc2CN(Cc2ccco2)Cc2cccs2)cc1,0,SARS-CoV
O=C(CN1C(=O)COc2ccccc21)c1cccc(Cl)c1,0,SARS-CoV
COc1ccccc1CC(NC(C)=O)C(=O)NC1CCN(c2nnnn2-c2ccccc2)CC1,0,SARS-CoV
Cn1c(=O)c2c(nc(NCc3ccccc3)n2CCCc2ccccc2)n(C)c1=O,0,SARS-CoV
CC(C)NS(=O)(=O)c1ccc(CCC(=O)NCc2ccco2)cc1,0,SARS-CoV
Cc1cc2n(n1)C(c1ccc3c(c1)OCO3)Nc1c(C)cccc1-2,0,SARS-CoV
O=C(CSc1nnnn1Cc1ccccc1)Nc1ccc2c(c1)OCO2,0,SARS-CoV
Oc1ccccc1-c1cc(-c2cccc(F)c2)n[nH]1,0,SARS-CoV
CN(C(=O)c1cccc(C#N)c1)c1nnc(-c2cnccn2)s1,0,SARS-CoV
Cc1ccc(Cn2c(SCc3cccnc3)nc3c2c(=O)n(C)c(=O)n3C)cc1,0,SARS-CoV
Cc1cc(C)c2cc(CN(Cc3ccco3)C(=O)NCc3ccccc3)c(=O)[nH]c2c1,0,SARS-CoV
COc1ccc(C(c2nnnn2C2CCCCC2)N2CCN(c3ccccc3)CC2)cc1,0,SARS-CoV
O=S(=O)(NCc1ccncc1)c1ccc(S(=O)(=O)NCC2CCCO2)cc1,0,SARS-CoV
Cc1cc2nc(-c3ccc(SCC(=O)N4CCN(C(=O)c5ccco5)CC4)nc3)[nH]c2cc1C,0,SARS-CoV
CCC(=O)Nc1ccc(NC(=O)CSc2nnnn2CC)cc1C,0,SARS-CoV
COc1ccccc1Cc1noc(C(C)(C)NC(=O)c2ccccc2)n1,0,SARS-CoV
N=c1c2c3c(sc2ncn1N)CCCCC3,0,SARS-CoV
CCCC(c1nnnn1Cc1ccco1)N1CCN(C2CCCC2)CC1,0,SARS-CoV
Cc1cccc(C)c1NC(=O)C(c1cccs1)N(Cc1ccco1)C(=O)Cn1nnc2ccccc21,0,SARS-CoV
O=C(CSc1ccc(-c2nc3ccccc3[nH]2)cn1)N1CCN(C(=O)c2ccco2)CC1,0,SARS-CoV
CC(=O)Nc1c(C(=O)O)[nH]c2ccccc12,0,SARS-CoV
COc1nc(OC)nc(N2CCC(C(=O)NCc3cccs3)CC2)n1,0,SARS-CoV
Cc1[nH]nc2c1C(c1ccc3c(c1)OCO3)C(C#N)=C(N)O2,0,SARS-CoV
COc1ccc2[nH]c(=O)c(CN(CCCN(C)C)C(=O)Nc3ccccc3)cc2c1,0,SARS-CoV
Cc1nnc(C)c2c(C)n(C(C)c3ccccc3)c(C)c12,0,SARS-CoV
Cn1c(SCC(=O)Nc2cccc(O)c2)nnc1-c1ccc(S(=O)(=O)N2CCOCC2)cc1,0,SARS-CoV
CC(=O)N(c1ccc2oc(=O)sc2c1)S(=O)(=O)c1cccs1,0,SARS-CoV
COc1ccccc1NC(=O)N1CCCC1C(=O)NCc1ccccc1,0,SARS-CoV
COC(=O)C1=CN(CC2CCCO2)C=C(C(=O)OC)C1c1cc(OC)c(OC)c(OC)c1,0,SARS-CoV
Cc1nnc(NC(=O)Oc2ccccc2)s1,0,SARS-CoV
CCc1c(C)[nH]c2ccccc2c1=O,0,SARS-CoV
Cn1c(SCc2ccccn2)nnc1-c1ccncc1,0,SARS-CoV
CCN1C(=O)N(CC)C2C1N(C(C)=O)C(=O)N2C(C)=O,0,SARS-CoV
CCc1nnc(NC(=O)CSc2nnc(CNc3ccc(Cl)cc3)o2)s1,0,SARS-CoV
O=C(COC(=O)c1ccccn1)Nc1cccc(Cl)c1Cl,0,SARS-CoV
OC1CCN(c2ncnc3c2nnn3Cc2c(F)cccc2Cl)CC1,0,SARS-CoV
Cc1ccc(-c2nnn(CC(=O)N(Cc3ccccc3)C(C(=O)NC3CCCC3)c3ccncc3)n2)o1,0,SARS-CoV
O=C1NCCCc2nonc21,0,SARS-CoV
COc1ccc(S(=O)(=O)NCC(=O)N(CC(=O)NCC2CCCO2)c2cc(C)ccc2C)cc1,0,SARS-CoV
COCCn1c(Cc2ccccc2)nnc1SCC(=O)NC(C)C,0,SARS-CoV
c1ccc2c(c1)CCCN2Cc1nnnn1C1CCCC1,0,SARS-CoV
O=C(CN1CCN(c2nc(-c3ccc(Cl)cc3)cs2)CC1)NCc1ccco1,0,SARS-CoV
COc1cc(NC(=O)c2ccco2)c(OC)cc1NC(=O)CCC(=O)Nc1ccccc1C,0,SARS-CoV
Cc1ccc(Cn2nnnc2CN2CCC(O)(c3ccccc3F)CC2)cc1,0,SARS-CoV
CCSC1=C(C#N)C2(CCCC2)C(C#N)=C(N)N1,0,SARS-CoV
COc1ccc(-c2nnc(SCC(=O)Nc3ncc(C)s3)n2-c2ccccc2)cc1OC,0,SARS-CoV
O=C(O)c1cc(N2C(=O)C3C4C=CC(C4)C3C2=O)ccc1NCc1cccnc1,0,SARS-CoV
CCN1CCc2nc(SCC(=O)Nc3ccc(OC)cc3)c(C#N)cc2C1,0,SARS-CoV
N#CCn1c(C2CCCCC2)nc2ccccc2c1=O,0,SARS-CoV
O=C(Nc1ccccc1)NC1(C(=O)NCc2ccc3c(c2)OCO3)CCCCC1,0,SARS-CoV
CCc1c(C)nc(N)n2c(SCC(=O)Nc3ccccc3OC)nnc12,0,SARS-CoV
O=C(O)CCCC(=O)N1CC(=O)Nc2ccccc21,0,SARS-CoV
CCOc1ccc(-c2nnn(CC(=O)Nc3cc(OC)cc(OC)c3)n2)cc1OCC,0,SARS-CoV
CCOC(=O)C1=C(C)NC(=O)NC1c1ccc(OCC(=O)OC)c(OC)c1,0,SARS-CoV
Cc1cccc(-c2cc3nc(C)cc(NCCCN(C)C)n3n2)c1,0,SARS-CoV
CCOC(=O)CSc1nnc(-c2ccoc2C)n1-c1ccc(OCC)cc1,0,SARS-CoV
Cc1ccc(C(=O)Nc2ccc(Cl)cn2)cc1,0,SARS-CoV
Cc1nn(C)c(C)c1CN(C)C(=O)c1cnn2c1NC(c1ccccc1)CC2C(F)(F)F,0,SARS-CoV
CCOc1ccc(-c2nnn(CC(=O)NCc3ccco3)n2)cc1,0,SARS-CoV
O=C1CC(c2ccco2)=Nc2ccccc2N1,0,SARS-CoV
O=C(Nc1cnc2ccccc2c1)c1ccco1,0,SARS-CoV
Fc1ccc(Cn2nnnc2CN2CCN(C3CCCC3)CC2)cc1,0,SARS-CoV
CCC1(C)CC(=O)N(c2ccc(C(=O)O)c(O)c2)C1=O,0,SARS-CoV
CCOC(=O)CN(C(=O)CSc1nnc(-c2cccc(OC)c2)o1)c1ccc(F)cc1,0,SARS-CoV
Cc1sc(NC(=O)CSc2nnnn2C2CCCC2)c(C#N)c1C,0,SARS-CoV
O=C(Cn1c(CN2CCCCC2)nc2ccccc2c1=O)NCc1ccco1,0,SARS-CoV
Fc1ccccc1CCNc1nnnn1-c1ccccc1,0,SARS-CoV
CCCn1c(SCC(=O)NC2CCCCC2)nnc1-c1ccncc1,0,SARS-CoV
Cc1cc(NC(=O)CCC(=O)N(CCC(C)C)C(C(=O)NC2CCCC2)c2cccnc2)no1,0,SARS-CoV
O=C(NC1CCCCC1)C(c1ccco1)N(Cc1ccco1)C(=O)c1ccco1,0,SARS-CoV
CCn1c(COc2ccccc2C)nnc1SCC(=O)CC(=O)Nc1ccccc1,0,SARS-CoV
c1ccc(Cn2nnc3c(N4CCCC4)ncnc32)cc1,0,SARS-CoV
Nc1sccc1C(=O)c1ccccc1,0,SARS-CoV
Nc1nonc1C(=O)OCC(=O)N1CCCCC1,0,SARS-CoV
COc1cc(NC(=O)c2cccs2)cc(OC)c1,0,SARS-CoV
COc1ccc2nc(NC(=O)CSc3nnnn3C3CCCCC3)sc2c1,0,SARS-CoV
COc1ccc(-c2nnc(CSc3nc4ccccc4c(=O)n3C)o2)cc1OC,0,SARS-CoV
O=C(CCCCCN1C(=O)c2ccccc2C1=O)NC1CCCC1,0,SARS-CoV
CCCn1c(SCC(=O)N2CCc3ccccc32)nnc1-c1ccncc1,0,SARS-CoV
O=S(=O)(NC1CCCC1)c1ccc(S(=O)(=O)NC2CCCC2)cc1,0,SARS-CoV
Cc1cccc(C)c1NC(=O)CS(=O)CC(=O)NC1CCCc2ccccc21,0,SARS-CoV
O=C(Nc1ccc2c(c1)oc1ccccc12)c1cccnc1,0,SARS-CoV
COc1c2c(nc3occc13)C(CCC(C)(C)O)(OC)C(O)CC2,0,SARS-CoV
C/C(CC1(O)C(=O)N(C)c2ccccc21)=N\O,0,SARS-CoV
C1CCC(CNc2c3c(nc4nnnn24)CCCC3)CC1,0,SARS-CoV
O=C1Nc2ccccc2C12OCC1(CO2)COC2(OC1)C(=O)Nc1ccccc12,0,SARS-CoV
O=C(COc1ccc(S(=O)(=O)N2CCCC2)cc1)NCc1ccco1,0,SARS-CoV
Cc1ccc(Cn2c(=N)c(C(=O)NCc3ccco3)cc3c(=O)n4ccccc4nc32)cc1,0,SARS-CoV
O=C(C1CCCO1)N1CCC(O)(c2ccccc2)CC1,0,SARS-CoV
CCOC(=O)C1CCN(C(c2cc3cc(C)cc(C)c3[nH]c2=O)c2nnnn2C2CCCCC2)CC1,0,SARS-CoV
COc1cc(C2CC(=O)Nc3ccccc3S2)cc(OC)c1OC,0,SARS-CoV
COCCCNS(=O)(=O)c1ccc2c3c(cccc13)C(=O)S2,0,SARS-CoV
Cc1ccnc(Nc2nc(-c3c(C)nc4sccn34)cs2)c1,0,SARS-CoV
Cc1ccc(N(C(=O)CNC(=O)c2ccco2)C(C(=O)NC2CCCC2)c2cccnc2)cc1C,0,SARS-CoV
COc1ccc(-c2cc(-c3cccs3)c(C#N)c(SCC(=O)NCc3ccco3)n2)cc1,0,SARS-CoV
CCc1nnc(NC(=O)CSc2nnc(-c3ccccc3O)n2-c2ccc(C)cc2)s1,0,SARS-CoV
O=c1[nH]c2cc3c(cc2cc1CN(Cc1nnnn1CC1CCCO1)C1CCCCC1)OCO3,0,SARS-CoV
CCn1c(SCC(=O)c2cccs2)nnc1-c1ccco1,0,SARS-CoV
COc1ccc(CCNC(=O)CSc2nnc(-c3ccc(F)cc3)o2)cc1OC,0,SARS-CoV
O=C(C1CCC1)N1CCN(Cc2ccccc2)CC1,0,SARS-CoV
COc1ccccc1N1CCN(Cc2nnnn2CCc2ccccc2)CC1,0,SARS-CoV
Oc1ccc(N2CCN(C(c3cccs3)c3nnnn3CCc3ccccc3)CC2)cc1,0,SARS-CoV
CC(C)(C)c1nc(CN2CCOCC2)ccc1O,0,SARS-CoV
Clc1cccc(OCCN2CCOCC2)c1,0,SARS-CoV
COc1cc(C)c(N)cc1C(C)C,0,SARS-CoV
CCOc1ccccc1CN1CCN(S(C)(=O)=O)CC1,0,SARS-CoV
COc1ccc(CN(C)CCc2ccccn2)cc1OC,0,SARS-CoV
COc1cc(NS(C)(=O)=O)c(OC)cc1NC(=O)c1cccc(F)c1,0,SARS-CoV
CCC(C(=O)NC1CCCC1)N(C(=O)Cn1nnc(-c2ccc(C)o2)n1)C(C)(C)C,0,SARS-CoV
CCOC(=O)CC1=C(C(=O)OCC)C2(C(=O)Nc3ccccc32)C(C#N)=C(N)O1,0,SARS-CoV
Cc1cc(C)c2[nH]c(=O)c(C(c3nnnn3C(C)(C)C)N3CCN(C(=O)c4ccco4)CC3)cc2c1,0,SARS-CoV
CC(C)(C)n1nnnc1C(c1cccnc1)N1CCN(C2CCCCC2)CC1,0,SARS-CoV
FC(F)(F)C(F)(F)C(F)(F)c1nnc2ccc(N3CCOCC3)nn12,0,SARS-CoV
Cn1cccc1C(=O)c1ccc(Cl)cc1Cl,0,SARS-CoV
Cc1nn(-c2ccccc2)c(Cl)c1C1C(C#N)=C(N)Oc2n[nH]c(C)c21,0,SARS-CoV
COCCN(C(=O)CCC(=O)Nc1cccnc1)C(C(=O)NC1CCCCC1)c1ccccc1,0,SARS-CoV
O=C(O)C1CSC(c2ccccc2)N1C(=O)c1ccco1,0,SARS-CoV
Cc1nonc1NC(=O)CSc1ccc(-c2ccccc2)nn1,0,SARS-CoV
Cc1nn(C)c(C)c1NC(=O)CSc1nc(Cc2ccccc2)nc2c1cnn2-c1ccccc1,0,SARS-CoV
CN(CC(=O)NCC1CCCO1)S(=O)(=O)c1cc(Cl)ccc1Cl,0,SARS-CoV
CC1(C)Cc2ccccc2-c2nnc(SCC(=O)N3CCc4ccccc43)n21,0,SARS-CoV
CC1(C)CC2(CCO1)NCCN1C(=O)CSC12,0,SARS-CoV
COC(=O)c1c(NC(=O)c2ccco2)sc(C(=O)N2CCCC2)c1C,0,SARS-CoV
CCn1c(SCC(=O)Nc2cccc(C)n2)nnc1-c1ccco1,0,SARS-CoV
O=C(Nc1ccc(N2CCOCC2)cc1)C1CCN(S(=O)(=O)Cc2ccccc2)CC1,0,SARS-CoV
CCCCn1nnnc1SCC(=O)Nc1cccc(C)n1,0,SARS-CoV
Cc1sc2ncn(CC(=O)OCC(=O)NC(C)(C)C)c(=O)c2c1C,0,SARS-CoV
O=C(NCCC1=CCCCC1)C1CCN(C(=O)Nc2ccccc2)CC1,0,SARS-CoV
CCC(=O)NC1=C(C#N)C2(CCCC2)Cc2ccccc21,0,SARS-CoV
O=C(CC12CC3CC(CC(C3)C1)C2)N1CCCOC1,0,SARS-CoV
O=C(Nc1nnc(Cc2ccccc2)s1)c1cccs1,0,SARS-CoV
COc1cc(C(=O)Nc2ccc3c(c2)OCCO3)ccc1-n1cnnn1,0,SARS-CoV
Nc1nc2ccc(C(=O)Nc3ccccc3)cc2s1,0,SARS-CoV
O=C(CSC1=NCCS1)Nc1ccccc1F,0,SARS-CoV
O=C(NCc1ccco1)c1cc2sccc2n1Cc1ccc(F)cc1,0,SARS-CoV
COc1ccc(C(=O)Nc2ccccc2-c2nnn(CC(=O)NCc3ccco3)n2)cc1,0,SARS-CoV
c1cncc(C(c2nnnn2C2CCCC2)N2CCCC2)c1,0,SARS-CoV
CCCCOc1ccc(-c2nnn(CC(=O)NCc3ccco3)n2)cc1,0,SARS-CoV
O=C(NCc1ccco1)C1CCN(S(=O)(=O)c2ccc(-n3cnnn3)cc2)CC1,0,SARS-CoV
COc1ccc(Cn2c(C3CC3)nc3ccc(NC(=O)C4CC4)cc3c2=O)cc1,0,SARS-CoV
Cc1cc(NC(=O)CSc2nnc(C3CC3)n2C)no1,0,SARS-CoV
Cc1ccccc1NC(=O)C(C#N)Cc1cccnc1,0,SARS-CoV
COC(=O)CCn1nnc(-c2ccc(C(C)C)cc2)n1,0,SARS-CoV
Cc1ccc(CN2C(=O)C(C)(C)Oc3ccc(C(=O)N4CCCCC4)cc32)cc1,0,SARS-CoV
COCCN(CC(=O)Nc1ccccc1)S(=O)(=O)c1ccc(S(=O)(=O)N2CCCC2)cc1,0,SARS-CoV
CC(c1ccccc1)n1cc(C(=O)NCC2COc3ccccc3O2)nn1,0,SARS-CoV
CC(=O)Nc1ccc(S(=O)(=O)N2CCC(NC(=O)C(Cc3cccn3C)NC(C)=O)CC2)cc1,0,SARS-CoV
CC1(C)CC(=O)C=C(Nc2ccccn2)C1,0,SARS-CoV
CCOC(=O)CNC(=O)C1CCCN(c2ncccn2)C1,0,SARS-CoV
O=S(=O)(c1ccc2c(c1)OCCO2)N1CCN(c2nc3ccccc3s2)CC1,0,SARS-CoV
COc1ccc(Cc2nnc(NS(=O)(=O)Cc3ccccc3)s2)cc1,0,SARS-CoV
Cc1cc(NS(=O)(=O)c2ccc(NC(=O)COc3ccc(Cl)cc3)cc2)no1,0,SARS-CoV
O=C(CCCn1nnc(-c2cccnc2)n1)c1ccc(F)cc1,0,SARS-CoV
O=C(NC1CCCC1)C(c1cccs1)N(C(=O)c1ccco1)c1ccc2c(c1)OCCO2,0,SARS-CoV
Cc1cc(NS(=O)(=O)c2ccc(NC(=O)CCc3ccccc3)cc2)no1,0,SARS-CoV
CCCCCOc1ccc(C(=O)NC(C(=O)O)C(C)C)cc1,0,SARS-CoV
O=C(c1ccc(F)cc1)N1C2CCC1CC(O)(c1ccccc1F)C2,0,SARS-CoV
O=C(NCc1ccccc1F)C1CCCN(C(=O)NC2CCCCC2)C1,0,SARS-CoV
CCOC(=O)N1CCN(c2cc(C)c(C(C)=O)cc2F)CC1,0,SARS-CoV
O=C(COc1cccc(NC(=O)c2ccco2)c1)c1ccccc1,0,SARS-CoV
Cc1ccc(N(C(=O)Cn2nnc3ccccc32)C(C(=O)NC2CCCCC2)c2cn(C)nc2C)cc1,0,SARS-CoV
Cc1ccn2c(NC3CCCCC3)c(C)nc2c1,0,SARS-CoV
CCn1c(O)c(C=Nc2ccccc2)oc1=S,0,SARS-CoV
Cc1cc(C(=O)c2cccs2)c(N)s1,0,SARS-CoV
CCOC(=O)Cn1nnnc1CN(Cc1ccc(OC)cc1)Cc1cc2cc(C)cc(C)c2[nH]c1=O,0,SARS-CoV
CCn1c(SCC(=O)Nc2cc(C)on2)nnc1-c1ccc(S(=O)(=O)N2CCCC2)cc1,0,SARS-CoV
CS(=O)(=O)N(CC(=O)N1CCCCC1)c1sc2c(c1C#N)CCCC2,0,SARS-CoV
CC(C)(C)c1cc(CN2CCN(CCC#N)CC2)cc(C(C)(C)C)c1O,0,SARS-CoV
Cc1ccc2[nH]c(=O)c(CN(Cc3cccnc3)Cc3nnnn3CCN3CCOCC3)cc2c1,0,SARS-CoV
CC1CCCCC1NC(=O)CSc1nnc(-c2ccccc2)n1N,0,SARS-CoV
COc1nonc1NC(=O)CSc1nc2ccccc2[nH]1,0,SARS-CoV
CC(=O)c1cccc(-n2nnnc2SCC(=O)N2CCCC2)c1,0,SARS-CoV
Cc1ccc(NC(=O)N2CCCC2C(=O)NCCC2=CCCCC2)cc1,0,SARS-CoV
Cn1c(=O)c2nncnc2n(C)c1=O,0,SARS-CoV
FC(F)(F)COc1nc(OCC(F)(F)F)nc(N2CCN(c3ccccc3)CC2)n1,0,SARS-CoV
CC(=O)NC(C(=O)NCC(N)=O)C(C)C,0,SARS-CoV
CCOc1cc(S(=O)(=O)N2CC=C(c3ccc(F)cc3)CC2)c(OCC)cc1-n1cnnn1,0,SARS-CoV
CN=C1SC(CC(=O)Nc2sc(C)c(C)c2C(=O)OC)C(=O)N1C,0,SARS-CoV
N#CCSc1nnc(-c2ccc(S(=O)(=O)N3CCOCC3)cc2)n1CC1CCCO1,0,SARS-CoV
CCCN1C2CCCC1CC(NC(=O)c1ccccc1F)C2,0,SARS-CoV
CCCC(=O)Nc1cc(OC)c(NC(=O)NC2CCCCC2)cc1OC,0,SARS-CoV
Cc1cccc(C(=O)NC2CCN(CC(=O)N3CCOCC3)CC2)c1,0,SARS-CoV
O=C(NCc1ccccn1)c1cc2ccccc2oc1=O,0,SARS-CoV
CCOC(=O)Nc1sc(=S)n(C)c1C,0,SARS-CoV
CCC(C)(C)NC(=O)CN(C(=O)c1snc(C(N)=O)c1N)c1ccc2c(c1)OCCO2,0,SARS-CoV
CC(=O)OC(C(=O)NCc1ccc2c(c1)OCO2)c1ccccc1Cl,0,SARS-CoV
CCOC(=O)C(C)Sc1nnc2n1C(C)(C)Cc1ccccc1-2,0,SARS-CoV
CN(C)Cc1cc(CCNC(=O)c2ccc(Cl)cc2)ccc1O,0,SARS-CoV
Cc1cc(C)n(C(C)n2nc(C)cc2C)n1,0,SARS-CoV
COC(=O)c1ccccc1NC(=O)C1CC(=O)N(c2ccc(F)cc2)C1,0,SARS-CoV
Cc1ccc(CNC(=O)c2cccc(-n3cnnn3)c2)cc1,0,SARS-CoV
Cc1onc(-c2ccccc2)c1C(N)=O,0,SARS-CoV
COc1ccc(CSc2nnc(N)s2)cc1F,0,SARS-CoV
O=C(Nc1ncc(Cc2ccccc2)s1)c1cccs1,0,SARS-CoV
CCNC(=O)c1c(O)c2cccc3c2n(c1=O)CC3,0,SARS-CoV
Cn1cnnc1Sc1nc2c(c(=O)n(C)c(=O)n2C)n1C,0,SARS-CoV
CCN1CCCC1CN(Cc1cc2cc(OC)ccc2[nH]c1=O)C(=O)NCc1ccccc1,0,SARS-CoV
CCN1CCN(c2ccc(NC(=O)c3cccc4ncccc34)cc2)CC1,0,SARS-CoV
CC(C)Nc1nc(NC(C)C)nc(N(C)C#N)n1,0,SARS-CoV
Clc1ccccc1-c1nc(-c2ccccc2)n[nH]1,0,SARS-CoV
CC(C)CC(c1nnnn1CC1CCCO1)N1CCN(c2cccc(Cl)c2)CC1,0,SARS-CoV
CC1CCCN(C(=O)CSc2nnc(-c3ccc(S(=O)(=O)N4CCOCC4)cc3)n2C)C1,0,SARS-CoV
N#Cc1cccc2cnccc12,0,SARS-CoV
COCCCNc1nc2c([nH]1)c(=O)[nH]c(=O)n2C,0,SARS-CoV
COc1ccc(C(=O)N2CCC(n3c(C)nc4cc(F)ccc43)CC2)cc1OC,0,SARS-CoV
O=C(CSc1nnc(NC(=O)C2CC2)s1)Nc1ccc(F)cc1,0,SARS-CoV
Cc1sc2nc(N)sc2c1C,0,SARS-CoV
Cc1nc(-c2ccccc2)cc(=O)[nH]1,0,SARS-CoV
COC(=O)c1ccccc1NC(=O)c1ccco1,0,SARS-CoV
CC1(C)NC(=O)N(CC(O)COc2ccc(-c3ccc(C#N)cc3)cc2)C1=O,0,SARS-CoV
O=C(CN1CCN(C(=O)c2cccs2)CC1)NC1CCCCC1,0,SARS-CoV
CCCCC(c1nnnn1CC1CCCO1)N1CCN(c2nc3ccccc3s2)CC1,0,SARS-CoV
c1coc(Cn2nnnc2CN2CCN(C3CCCCC3)CC2)c1,0,SARS-CoV
CCOCCCNCC(=O)N1CCN(S(=O)(=O)c2ccc(C)cc2)CC1,0,SARS-CoV
O=C1CSC(c2ccccc2F)N1CCN1CCCCC1,0,SARS-CoV
O=C(c1ccccc1)N1CCN(C2CC3CCC2C3)CC1,0,SARS-CoV
CCCS(=O)(=O)N1CCN(Cc2ccncc2)CC1,0,SARS-CoV
CCOC(=O)N1CCC(N2CCN(S(=O)(=O)CC)CC2)CC1,0,SARS-CoV
COc1ccc(CN2CCC(C(=O)N(C)CCc3ccc(OC)c(OC)c3)CC2)c(OC)c1,0,SARS-CoV
Cc1ccc(C(=O)NCCCNCCCN(C)C)cn1,0,SARS-CoV
COC(=O)/C=c1\sc2ncnn2c1=O,0,SARS-CoV
O=C(Nc1ccc2c(c1)OCCO2)C1CCN(c2nnnn2-c2ccccc2)CC1,0,SARS-CoV
N#Cc1ccc(N2CCNCC2)c(F)c1,0,SARS-CoV
CCOC(=O)Cn1nnc(-c2ccc(SC)cc2)n1,0,SARS-CoV
COCCCNC(=O)C1CC(=O)N(c2ccc(C)cc2)C1,0,SARS-CoV
CCC(=O)Nc1cc(C)c(NC(=O)c2ccccc2OC)cn1,0,SARS-CoV
N#Cc1cc2ccccc2nc1SCc1cccnc1,0,SARS-CoV
Cc1ccc(-c2nnn(CC(=O)Nc3ccccc3N3CCOCC3)n2)cc1,0,SARS-CoV
COC(=O)c1ccc(Cn2cnc3ccccc3c2=O)cc1,0,SARS-CoV
Cc1ccc(C)c(C(=O)CSc2nnnn2-c2cccnc2)c1,0,SARS-CoV
COc1ccc(C(=O)N2CCCC(c3nc(-c4cccs4)no3)C2)cc1OC,0,SARS-CoV
COc1cccc(Nc2ncnc3c2cnn3C)c1,0,SARS-CoV
O=C(CSc1nnc(CNc2ccccc2)o1)N1CCc2ccccc21,0,SARS-CoV
COc1ccccc1C(c1nnnn1C(C)(C)C)N1CCN(Cc2ccncc2)CC1,0,SARS-CoV
CCn1c(CNc2ccccc2Cl)nnc1SCCN1CCCCC1,0,SARS-CoV
CCOC(=O)C1CCCN(CCC(=O)Nc2ccc3c(c2)CCC3)C1,0,SARS-CoV
COC(=O)c1cccc(-n2nnnc2SCC(=O)Nc2nc3c(s2)CCCC3)c1,0,SARS-CoV
Cc1cccc(OCc2nnc(SCC(=O)N3CCc4ccccc43)n2C)c1,0,SARS-CoV
CCCCCOC(=O)Cn1c(N2CCCCCC2)nc2c1c(=O)[nH]c(=O)n2C,0,SARS-CoV
COc1cccc(N(C(=O)c2ccco2)C(C(=O)NC2CCCC2)c2cccnc2)c1,0,SARS-CoV
O=C(Cn1c(=O)sc2ccccc21)Nc1ccc(S(=O)(=O)N2CCCCC2)cc1,0,SARS-CoV
O=S(=O)(c1cccc(S(=O)(=O)N2CCC(n3nnc4ccccc43)CC2)c1)N1CCCCC1,0,SARS-CoV
Cc1cc(NC(=O)Cn2nnc3sc4c(c3c2=O)CCC(C(C)(C)C)C4)no1,0,SARS-CoV
Oc1ccc(CNc2ccccc2)c2cccnc12,0,SARS-CoV
CNC(=O)CSc1nnc(-c2ccco2)n1-c1ccccc1OC,0,SARS-CoV
CC(C)n1c(SCC(=O)N2CCCC2)nc2c1c(=O)n(C)c(=O)n2C,0,SARS-CoV
Cc1ccc(N(CC(=O)NCc2ccc3c(c2)OCO3)S(C)(=O)=O)cc1,0,SARS-CoV
CCCc1[nH]nc2c1C(c1ccccc1OCC)C(C#N)=C(N)O2,0,SARS-CoV
O=C(CN(Cc1ccccc1F)C(=O)Cn1nnc(-c2cccs2)n1)NCC1CCCO1,0,SARS-CoV
CCC(=O)Nc1ccc2nc(C)n(CC(=O)Nc3ccccc3)c(=O)c2c1,0,SARS-CoV
COCc1cc(=O)n2[nH]c(C)cc2n1,0,SARS-CoV
O=C(c1ccc2nccnc2c1)N1CCN(Cc2ccc3c(c2)OCO3)CC1,0,SARS-CoV
CCCn1nnnc1SCC(=O)Nc1ccc(F)cc1,0,SARS-CoV
c1cncc(CNc2c3c(nc4nnnn24)CCCC3)c1,0,SARS-CoV
Cc1ccc(C(=O)CSc2nnc(Cn3nnc4ccccc43)n2C)cc1,0,SARS-CoV
Cn1nnc2cc(C(=O)NC(C)(C)C)ccc21,0,SARS-CoV
N#CC(C(N)=O)=C1CCC2(CC1)OCCCCO2,0,SARS-CoV
O=C(CSc1nnc(-c2ccc(O)cc2)o1)N1CCOCC1,0,SARS-CoV
CC(C)Oc1ccc(C2NC(=O)NC2=O)cc1,0,SARS-CoV
Cc1ccc(C(=O)C2CCN(CC(=O)Nc3ccc4c(c3)OCCO4)CC2)cc1,0,SARS-CoV
NC(=O)CSc1nnc(COc2ccccc2)n1C1CCCCC1,0,SARS-CoV
Cc1ccc2cc(CN(Cc3cccs3)Cc3nnnn3CC3CCCO3)c(=O)[nH]c2c1,0,SARS-CoV
COCCNC(=O)CN(C(=O)CCC(=O)Nc1ccccn1)c1ccc(F)c(Cl)c1,0,SARS-CoV
COc1ccccc1N1CCN(C(=O)Cn2nnc(-c3ccncc3)n2)CC1,0,SARS-CoV
COCCOC(=O)C1=C(C)NC2=C(C(=O)CC(c3cccs3)C2)C1c1ccsc1,0,SARS-CoV
N#CC1=C(N)Oc2n[nH]c(-c3ccccc3)c2C1c1ccncc1,0,SARS-CoV
CCn1c(SCC(=O)N2CCCc3ccccc32)nc2c1c(=O)n(C)c(=O)n2C,0,SARS-CoV
CCN1C(=O)c2cccc3c(NS(=O)(=O)c4ccc(NC(C)=O)cc4)ccc1c23,0,SARS-CoV
CCc1ccc(NC(=O)Cn2c(SC)nc3ccccc32)cc1,0,SARS-CoV
CCC(=O)Nc1nc(C)c(C(=O)N2CCCCC2)s1,0,SARS-CoV
O=C1c2ccccc2CC1Sc1nnc(-c2ccccn2)o1,0,SARS-CoV
COCc1[nH]nc2c1C(c1ccccc1Cl)C(C#N)=C(N)O2,0,SARS-CoV
Cc1occc1-c1nnc(SCC(=O)NCCc2ccccc2)n1C(C)c1ccccc1,0,SARS-CoV
CC(=O)Nc1ccc(Nc2nc(C)nc3c2oc2ccccc23)cc1,0,SARS-CoV
Cc1ccccc1C(C(=O)NCc1ccco1)N(CC1CCCO1)C(=O)Cn1nnc2ccccc21,0,SARS-CoV
Cc1ccc(Cn2c(N3CCCCCC3)nc3c2c(=O)[nH]c(=O)n3C)cc1,0,SARS-CoV
COc1ccc2nc(SCC(=O)Nc3ccc(S(=O)(=O)N4CCCC4)cc3)c(C#N)cc2c1,0,SARS-CoV
CCC(=O)Nc1cccc(NC(=O)CSc2nnc(-c3ccc(NS(C)(=O)=O)cc3)n2C)c1,0,SARS-CoV
CCCC(=O)Nc1cccn(Cc2ccccc2Br)c1=O,0,SARS-CoV
CCCn1c(=O)c(-c2ccccc2)c(O)c2ccccc21,0,SARS-CoV
CC(C)CCNC(=O)C(C)N(Cc1ccc(F)cc1)C(=O)c1ccc(CN2CCCCC2)o1,0,SARS-CoV
COc1ccc(N2CCN(C(=O)CSc3nnc4nc(C)cc(C)n34)CC2)cc1,0,SARS-CoV
Clc1cccc(Nc2c3c(nc4ncnn24)CCC3)c1,0,SARS-CoV
O=C(Cn1nnc2c(cnn2-c2ccccc2)c1=O)NCc1cccs1,0,SARS-CoV
O=C(NC1CCCCC1)NC1CC2CCC(C1)N2C(=O)NCc1ccccc1,0,SARS-CoV
CCN=C1SC(CC(=O)Nc2sc3c(c2C#N)CCCC3)C(=O)N1CC,0,SARS-CoV
OCCNCC(O)Cn1ccc2ccccc21,0,SARS-CoV
Cc1ccc(-c2noc(C3CCCN(C(=O)c4c(F)cccc4F)C3)n2)cc1,0,SARS-CoV
COc1ccc(C)cc1NC(=O)CSc1nnnn1Cc1ccccc1,0,SARS-CoV
CCNc1nc(SC(C)C(=O)OC)nc(N2CCOCC2)n1,0,SARS-CoV
COCCSc1nnc(-c2cccc(C#N)c2)n1C,0,SARS-CoV
COc1ccc(-c2cc(N3CCCC3)n3ncnc3n2)cc1,0,SARS-CoV
Cc1cc(NC(=O)CSc2nc3c(c(=O)n(C)c(=O)n3C)n2C(C)C)no1,0,SARS-CoV
CCC(=O)Nc1sc(C(=O)OC)c(C)c1C(=O)OC,0,SARS-CoV
Cn1c(CNC(=O)Nc2cccc(Cl)c2)nnc1SCc1ccccc1,0,SARS-CoV
CCOC(=O)c1sc(NC(=O)CSc2nc(-c3ccco3)cc(C(F)(F)F)n2)c(C#N)c1C,0,SARS-CoV
Cc1cccc2cc(C#N)c(SCC(=O)N3CC(=O)Nc4ccccc43)nc12,0,SARS-CoV
Cc1ccc2c3c(c(SCC(=O)Nc4nonc4C)nc2c1)CCCC3,0,SARS-CoV
Brc1ccc(-c2cnc(-c3cccs3)o2)cc1,0,SARS-CoV
COc1cc2ccc(=O)oc2c(O)c1OCC=C(C)C,0,SARS-CoV
COC(=O)c1cc2c(ccn2-c2ccc(F)cc2)n1CC(=O)N1CCN(C(=O)c2ccco2)CC1,0,SARS-CoV
CN1C(=O)N(C)C(=O)C(CCc2ccccn2)(CCc2ccccn2)C1=O,0,SARS-CoV
Cc1nnc(NC(=O)C2CCCN(S(=O)(=O)Cc3ccccc3)C2)s1,0,SARS-CoV
COC(=O)CSc1nc2c(c(=O)[nH]c(=O)n2C)n1CCC(C)C,0,SARS-CoV
O=C1c2ccccc2C(=O)N1CCCc1nc2ccccc2c(=O)n1CCCn1ccnc1,0,SARS-CoV
Cc1cc(C2C(=O)C(C(=O)c3ccc(Cl)cc3)C(=O)CC2(C)C)on1,0,SARS-CoV
Cc1cc(C)c2nc(N3CCN(C)CC3)c(C#N)cc2c1,0,SARS-CoV
COc1ccccc1CNC(=O)Cn1nnc(-c2ccncc2)n1,0,SARS-CoV
N#Cc1c2c(c(NCCCN3CCOCC3)n3c1nc1ccccc13)CCC2,0,SARS-CoV
COC(=O)c1ccc(S(=O)(=O)NCCSc2nnc3c4ccccc4n(C)c3n2)cc1,0,SARS-CoV
COc1ccc(C(=O)N(CCCO)Cc2cc3c(C)ccc(C)c3[nH]c2=O)cc1OC,0,SARS-CoV
CCOc1cc(C)nc(N2CCC(C(=O)Nc3ccccc3OCC)CC2)n1,0,SARS-CoV
c1ccc(Cn2nnc3c(N4CCc5ccccc54)ncnc32)cc1,0,SARS-CoV
CC(=O)c1ccc(N2CCN(S(=O)(=O)c3cccc(S(=O)(=O)N4CCOCC4)c3)CC2)cc1,0,SARS-CoV
CCOC(=O)Nc1cc(OCC)c(NC(=O)C2CC2)cc1OCC,0,SARS-CoV
O=C(NCc1ccco1)c1cccs1,0,SARS-CoV
COc1ccc(CCn2nnnc2C(CC(C)C)N2CCC(C(N)=O)CC2)cc1OC,0,SARS-CoV
COc1cc(NS(=O)(=O)c2ccc(Cl)cc2)c(OC)cc1NC(=O)c1ccco1,0,SARS-CoV
c1ccc(CCn2nnnc2C(c2cccnc2)N2CCN(c3ccccc3)CC2)cc1,0,SARS-CoV
CCCCC(c1nnnn1CCOC)N1CCN(C(=O)c2ccco2)CC1,0,SARS-CoV
COc1ccc(CNCC(=O)N2CCC3(CC2)OCCO3)cc1,0,SARS-CoV
CC(C)COc1ccc(C(=O)CCN2CCCCC2)cc1,0,SARS-CoV
CCOC(=O)c1c(CN2CCN(C)CC2)oc2ccc(OC)cc12,0,SARS-CoV
COCCCN1C(=O)C(O)=C(C(C)=O)C1c1ccccn1,0,SARS-CoV
Oc1cccc(Nc2nc(NCC3CCCO3)c3ccccc3n2)c1,0,SARS-CoV
CCOc1cc(-c2nc3c(C)cccn3c2NCC2CCCO2)ccc1O,0,SARS-CoV
COc1ccc2c3c(cccc13)NN=C2C,0,SARS-CoV
COCCNS(=O)(=O)c1cc(-c2nn(C)c(=O)c3ccccc23)ccc1C,0,SARS-CoV
CCc1cc2c(=O)c(-c3nc4ccccc4n3C)c(C)oc2c(CN2CCN(C)CC2)c1O,0,SARS-CoV
O=C(NCc1ccccc1F)C1CCCN1C(=O)NCc1ccccc1,0,SARS-CoV
Cc1cc(C)cc(CC2CC(=O)N(c3nc(C)cc(C)n3)C2=O)c1,0,SARS-CoV
Cc1ccc(OCc2nnc(SCC(=O)NCc3ccccc3)n2C)cc1,0,SARS-CoV
COc1ccc(N2CCN(CC(=O)Nc3c(C)cc(C)cc3C)CC2)cc1,0,SARS-CoV
Cc1nnc(NC(=O)CSc2nnc(-c3ccc(S(=O)(=O)N4CCCC4)cc3)n2C)s1,0,SARS-CoV
COc1ccc(NC(=O)CSc2nc(NS(=O)(=O)c3ccccc3)cc(=O)[nH]2)cc1,0,SARS-CoV
S=c1nc(C2CCCCC2)[nH][nH]1,0,SARS-CoV
CC(=O)c1cccc(S(=O)(=O)N(CCCO)Cc2cc3ccc(C)cc3[nH]c2=O)c1,0,SARS-CoV
CC(C)OC(=O)C1C2C=CC3(CN(CC4CCCO4)C(=O)C13)O2,0,SARS-CoV
O=c1cc(CSc2ccccn2)[nH]c(=O)[nH]1,0,SARS-CoV
CC(=O)N1CCC(O)(c2cccc(C(F)(F)F)c2)CC1,0,SARS-CoV
O=C(NC1CCN(C(=O)N2CCOCC2)CC1)c1ccccc1,0,SARS-CoV
Cc1ccccc1Cn1cc(NC(=O)c2cc3nc(-c4ccco4)cc(C(F)(F)F)n3n2)cn1,0,SARS-CoV
Cc1ccc2oc(-c3ccc(NC(=O)c4cccnc4)cc3)nc2c1,0,SARS-CoV
CCOc1ccc(NC(=O)c2cc3n(n2)C(C(F)(F)F)CC(c2ccco2)N3)cc1,0,SARS-CoV
O=C(Nc1cccc2c1CCCC2)C1CCN(C(=O)NC2CCCCC2)CC1,0,SARS-CoV
Cc1cc(NC(=O)c2ccco2)ncc1NC(=O)CCc1ccccc1,0,SARS-CoV
O=C(O)Cn1cc(C(=O)c2ccco2)c2ccccc21,0,SARS-CoV
CCN(CC)c1ccc(C2C(C(=O)OCCOC)=C(C)NC3=C2C(=O)CC(C)(C)C3)cc1,0,SARS-CoV
CCN(CC)S(=O)(=O)c1ccc(-c2nnc(SCC(=O)c3ccc(OC)cc3)o2)cc1,0,SARS-CoV
COc1cccc(NC(=O)CCN2CCN(C)CC2)c1,0,SARS-CoV
Cc1cc(C)n(C(=O)c2ccncc2)n1,0,SARS-CoV
Cc1cc2cc(CN(CCCO)S(=O)(=O)c3cccc4nsnc34)c(=O)[nH]c2cc1C,0,SARS-CoV
Nc1c(C(=O)NC2CCCC2)sc2nc(-c3cccs3)ccc12,0,SARS-CoV
CCOC(=O)c1cccc(NC(=O)CSc2nnc(C3CCCCC3)n2CC)c1,0,SARS-CoV
O=C(COc1ccc(Cl)cc1)Nc1ccc2oc(-c3ccncc3)nc2c1,0,SARS-CoV
O=C(NC12CCC(O)C(SC1)/C2=N/O)c1ccccc1,0,SARS-CoV
O=C(Oc1ccccc1)c1ccc2nccnc2c1,0,SARS-CoV
O=S(=O)(NCCc1ccncc1)c1ccc(S(=O)(=O)N2CCCCCC2)cc1,0,SARS-CoV
N#Cc1cc2cc3c(cc2nc1N1CCCCC1)OCCO3,0,SARS-CoV
CCC(C)(C)NC(=O)C(c1ccncc1)N(Cc1cccs1)C(=O)Cn1nnc2ccccc21,0,SARS-CoV
CCc1ccc2oc(-c3cccc(NC(=O)c4cccnc4)c3)nc2c1,0,SARS-CoV
Cc1cccc(Cn2c(NCCO)nc3c2c(=O)n(C)c(=O)n3C)c1,0,SARS-CoV
Cc1ccc(-n2c(SCC(=O)NCc3cccs3)nnc2-c2ccoc2C)cc1,0,SARS-CoV
CCN(CC)C(NC(=O)c1ccccc1)C(=O)c1ccccc1,0,SARS-CoV
O=C(CCCc1c[nH]c2ccccc12)N1CCOCC1,0,SARS-CoV
Cc1nn(CC(=O)N(C)C)c(=O)c2ccccc12,0,SARS-CoV
Cc1nn(-c2ccccc2)c2nc(=O)n(-c3ccccc3)cc12,0,SARS-CoV
O=C(NC12CC3CC(CC(C3)C1)C2)C1CCCN1C(=O)NC1CCCCC1,0,SARS-CoV
CCCn1c(SCC(=O)c2cc(OC)ccc2OC)nnc1-c1ccco1,0,SARS-CoV
COc1ccc(N2CCN(CC(=O)Nc3nnc(-c4ccccc4)s3)CC2)cc1,0,SARS-CoV
